dataset,graph_type,minmaxscaler,nn,normalization,nnk,kalofolias,label_prop_train,label_prop_test,label_prop_train_std,label_prop_test_std
flowers102,kalofolias,True,5,None,False,True,100.0,1.041394335511983,0.0,0.32655037869166076
flowers102,kalofolias,True,5,BothSides,False,True,100.0,33.77886710239652,0.0,1.5620394670202404
flowers102,kalofolias,True,50,None,False,True,100.0,0.9803921568627455,0.0,2.220446049250313e-16
flowers102,kalofolias,True,50,BothSides,False,True,100.0,35.22113289760348,0.0,1.5959297166158473
flowers102,kalofolias,True,500,None,False,True,100.0,0.9803921568627455,0.0,2.220446049250313e-16
flowers102,kalofolias,True,500,BothSides,False,True,100.0,28.654684095860574,0.0,1.4393416473195235
flowers102,kalofolias,True,40,None,False,True,100.0,0.9803921568627455,0.0,2.220446049250313e-16
flowers102,kalofolias,True,40,BothSides,False,True,100.0,35.78976034858388,0.0,1.6097236318160288
flowers102,kalofolias,True,30,None,False,True,100.0,0.9803921568627455,0.0,2.220446049250313e-16
flowers102,kalofolias,True,30,BothSides,False,True,100.0,36.39869281045752,0.0,1.6226929949483937
flowers102,kalofolias,True,20,None,False,True,100.0,0.9803921568627455,0.0,2.220446049250313e-16
flowers102,kalofolias,True,20,BothSides,False,True,100.0,37.014161220043576,0.0,1.660589186975486
flowers102,kalofolias,True,200,None,False,True,100.0,0.9803921568627455,0.0,2.220446049250313e-16
flowers102,kalofolias,True,200,BothSides,False,True,100.0,30.595860566448806,0.0,1.5205079287463377
flowers102,kalofolias,True,10,None,False,True,100.0,0.9803921568627455,0.0,2.220446049250313e-16
flowers102,kalofolias,True,10,BothSides,False,True,100.0,36.73856209150327,0.0,1.6433009776373122
flowers102,kalofolias,True,100,None,False,True,100.0,0.9803921568627455,0.0,2.220446049250313e-16
flowers102,kalofolias,True,100,BothSides,False,True,100.0,32.911764705882355,0.0,1.598871400434513
flowers102,kalofolias,True,1000,None,False,True,100.0,0.9803921568627455,0.0,2.220446049250313e-16
flowers102,kalofolias,True,1000,BothSides,False,True,100.0,18.727668845315907,0.0,2.3004967927023605
flowers102,kalofolias,False,5,None,False,True,100.0,1.041394335511983,0.0,0.32655037869166076
flowers102,kalofolias,False,5,BothSides,False,True,100.0,33.77886710239652,0.0,1.5620394670202404
flowers102,kalofolias,False,50,None,False,True,100.0,0.9803921568627455,0.0,2.220446049250313e-16
flowers102,kalofolias,False,50,BothSides,False,True,100.0,35.22113289760348,0.0,1.5959297166158473
flowers102,kalofolias,False,500,None,False,True,100.0,0.9803921568627455,0.0,2.220446049250313e-16
flowers102,kalofolias,False,500,BothSides,False,True,100.0,28.654684095860574,0.0,1.4393416473195235
flowers102,kalofolias,False,40,None,False,True,100.0,0.9803921568627455,0.0,2.220446049250313e-16
flowers102,kalofolias,False,40,BothSides,False,True,100.0,35.78976034858388,0.0,1.6097236318160288
flowers102,kalofolias,False,30,None,False,True,100.0,0.9803921568627455,0.0,2.220446049250313e-16
flowers102,kalofolias,False,30,BothSides,False,True,100.0,36.39869281045752,0.0,1.6226929949483937
flowers102,kalofolias,False,20,None,False,True,100.0,0.9803921568627455,0.0,2.220446049250313e-16
flowers102,kalofolias,False,20,BothSides,False,True,100.0,37.014161220043576,0.0,1.660589186975486
flowers102,kalofolias,False,200,None,False,True,100.0,0.9803921568627455,0.0,2.220446049250313e-16
flowers102,kalofolias,False,200,BothSides,False,True,100.0,30.595860566448806,0.0,1.5205079287463377
flowers102,kalofolias,False,10,None,False,True,100.0,0.9803921568627455,0.0,2.220446049250313e-16
flowers102,kalofolias,False,10,BothSides,False,True,100.0,36.73856209150327,0.0,1.6433009776373122
flowers102,kalofolias,False,100,None,False,True,100.0,0.9803921568627455,0.0,2.220446049250313e-16
flowers102,kalofolias,False,100,BothSides,False,True,100.0,32.911764705882355,0.0,1.598871400434513
flowers102,kalofolias,False,1000,None,False,True,100.0,0.9803921568627455,0.0,2.220446049250313e-16
flowers102,kalofolias,False,1000,BothSides,False,True,100.0,18.727668845315907,0.0,2.3004967927023605
flowers102,kalofoliasIdentity,True,5,None,False,True,100.0,0.9803921568627455,0.0,2.220446049250313e-16
flowers102,kalofoliasIdentity,True,5,BothSides,False,True,100.0,33.66557734204793,0.0,1.611344573509006
flowers102,kalofoliasIdentity,True,50,None,False,True,100.0,0.9803921568627455,0.0,2.220446049250313e-16
flowers102,kalofoliasIdentity,True,50,BothSides,False,True,100.0,34.96949891067539,0.0,1.6302047730896505
flowers102,kalofoliasIdentity,True,500,None,False,True,100.0,0.9803921568627455,0.0,2.220446049250313e-16
flowers102,kalofoliasIdentity,True,500,BothSides,False,True,100.0,28.627450980392158,0.0,1.5021624554194513
flowers102,kalofoliasIdentity,True,40,None,False,True,100.0,0.9803921568627455,0.0,2.220446049250313e-16
flowers102,kalofoliasIdentity,True,40,BothSides,False,True,100.0,35.50326797385622,0.0,1.60287593781237
flowers102,kalofoliasIdentity,True,30,None,False,True,100.0,0.9803921568627455,0.0,2.220446049250313e-16
flowers102,kalofoliasIdentity,True,30,BothSides,False,True,100.0,36.1437908496732,0.0,1.569459353358414
flowers102,kalofoliasIdentity,True,20,None,False,True,100.0,0.9803921568627455,0.0,2.220446049250313e-16
flowers102,kalofoliasIdentity,True,20,BothSides,False,True,100.0,36.811546840958606,0.0,1.6750295689179053
flowers102,kalofoliasIdentity,True,200,None,False,True,100.0,0.9803921568627455,0.0,2.220446049250313e-16
flowers102,kalofoliasIdentity,True,200,BothSides,False,True,100.0,30.53050108932462,0.0,1.476254314856399
flowers102,kalofoliasIdentity,True,10,None,False,True,100.0,0.9803921568627455,0.0,2.220446049250313e-16
flowers102,kalofoliasIdentity,True,10,BothSides,False,True,100.0,36.58605664488018,0.0,1.622912361382948
flowers102,kalofoliasIdentity,True,100,None,False,True,100.0,0.9803921568627455,0.0,2.220446049250313e-16
flowers102,kalofoliasIdentity,True,100,BothSides,False,True,100.0,32.69934640522876,0.0,1.535861182067902
flowers102,kalofoliasIdentity,True,1000,None,False,True,100.0,0.9803921568627455,0.0,2.220446049250313e-16
flowers102,kalofoliasIdentity,True,1000,BothSides,False,True,100.0,17.52505446623094,0.0,2.2986184634436304
flowers102,kalofoliasIdentity,False,5,None,False,True,100.0,0.9803921568627455,0.0,2.220446049250313e-16
flowers102,kalofoliasIdentity,False,5,BothSides,False,True,100.0,33.66557734204793,0.0,1.611344573509006
flowers102,kalofoliasIdentity,False,50,None,False,True,100.0,0.9803921568627455,0.0,2.220446049250313e-16
flowers102,kalofoliasIdentity,False,50,BothSides,False,True,100.0,34.96949891067539,0.0,1.6302047730896505
flowers102,kalofoliasIdentity,False,500,None,False,True,100.0,0.9803921568627455,0.0,2.220446049250313e-16
flowers102,kalofoliasIdentity,False,500,BothSides,False,True,100.0,28.627450980392158,0.0,1.5021624554194513
flowers102,kalofoliasIdentity,False,40,None,False,True,100.0,0.9803921568627455,0.0,2.220446049250313e-16
flowers102,kalofoliasIdentity,False,40,BothSides,False,True,100.0,35.50326797385622,0.0,1.60287593781237
flowers102,kalofoliasIdentity,False,30,None,False,True,100.0,0.9803921568627455,0.0,2.220446049250313e-16
flowers102,kalofoliasIdentity,False,30,BothSides,False,True,100.0,36.1437908496732,0.0,1.569459353358414
flowers102,kalofoliasIdentity,False,20,None,False,True,100.0,0.9803921568627455,0.0,2.220446049250313e-16
flowers102,kalofoliasIdentity,False,20,BothSides,False,True,100.0,36.811546840958606,0.0,1.6750295689179053
flowers102,kalofoliasIdentity,False,200,None,False,True,100.0,0.9803921568627455,0.0,2.220446049250313e-16
flowers102,kalofoliasIdentity,False,200,BothSides,False,True,100.0,30.53050108932462,0.0,1.476254314856399
flowers102,kalofoliasIdentity,False,10,None,False,True,100.0,0.9803921568627455,0.0,2.220446049250313e-16
flowers102,kalofoliasIdentity,False,10,BothSides,False,True,100.0,36.58605664488018,0.0,1.622912361382948
flowers102,kalofoliasIdentity,False,100,None,False,True,100.0,0.9803921568627455,0.0,2.220446049250313e-16
flowers102,kalofoliasIdentity,False,100,BothSides,False,True,100.0,32.69934640522876,0.0,1.535861182067902
flowers102,kalofoliasIdentity,False,1000,None,False,True,100.0,0.9803921568627455,0.0,2.220446049250313e-16
flowers102,kalofoliasIdentity,False,1000,BothSides,False,True,100.0,17.52505446623094,0.0,2.2986184634436304
flowers102,RBF,True,5,None,True,False,100.0,0.9803921568627455,0.0,2.220446049250313e-16
flowers102,RBF,True,5,None,False,False,100.0,0.9803921568627455,0.0,2.220446049250313e-16
flowers102,RBF,True,5,BothSides,True,False,100.0,21.22984749455338,0.0,1.5529578494052017
flowers102,RBF,True,5,BothSides,False,False,100.0,34.691721132897605,0.0,1.7011927152363426
flowers102,RBF,True,50,None,True,False,100.0,0.9803921568627455,0.0,2.220446049250313e-16
flowers102,RBF,True,50,None,False,False,100.0,0.9803921568627455,0.0,2.220446049250313e-16
flowers102,RBF,True,50,BothSides,True,False,100.0,27.160130718954246,0.0,1.5390005816697303
flowers102,RBF,True,50,BothSides,False,False,100.0,22.619825708061004,0.0,1.4607818767556306
flowers102,RBF,True,500,None,True,False,100.0,0.9803921568627455,0.0,2.220446049250313e-16
flowers102,RBF,True,500,None,False,False,100.0,0.9803921568627455,0.0,2.220446049250313e-16
flowers102,RBF,True,500,BothSides,True,False,100.0,14.206971677559915,0.0,1.4264896169748535
flowers102,RBF,True,500,BothSides,False,False,100.0,1.5533769063180825,0.0,0.4955217837133205
flowers102,RBF,True,40,None,True,False,100.0,0.9803921568627455,0.0,2.220446049250313e-16
flowers102,RBF,True,40,None,False,False,100.0,0.9803921568627455,0.0,2.220446049250313e-16
flowers102,RBF,True,40,BothSides,True,False,100.0,27.4128540305011,0.0,1.5723581121053407
flowers102,RBF,True,40,BothSides,False,False,100.0,24.45751633986928,0.0,1.4206797778791573
flowers102,RBF,True,30,None,True,False,100.0,0.9803921568627455,0.0,2.220446049250313e-16
flowers102,RBF,True,30,None,False,False,100.0,0.9803921568627455,0.0,2.220446049250313e-16
flowers102,RBF,True,30,BothSides,True,False,100.0,27.537037037037045,0.0,1.5151636154738135
flowers102,RBF,True,30,BothSides,False,False,100.0,26.129629629629626,0.0,1.474710191913038
flowers102,RBF,True,20,None,True,False,100.0,0.9803921568627455,0.0,2.220446049250313e-16
flowers102,RBF,True,20,None,False,False,100.0,0.9803921568627455,0.0,2.220446049250313e-16
flowers102,RBF,True,20,BothSides,True,False,100.0,28.27124183006536,0.0,1.475015927882536
flowers102,RBF,True,20,BothSides,False,False,100.0,29.03376906318083,0.0,1.486954439662405
flowers102,RBF,True,200,None,True,False,100.0,0.9803921568627455,0.0,2.220446049250313e-16
flowers102,RBF,True,200,None,False,False,100.0,0.9803921568627455,0.0,2.220446049250313e-16
flowers102,RBF,True,200,BothSides,True,False,100.0,20.436819172113292,0.0,1.4886644239155022
flowers102,RBF,True,200,BothSides,False,False,100.0,3.409586056644881,0.0,1.3384515233246617
flowers102,RBF,True,10,None,True,False,100.0,0.9803921568627455,0.0,2.220446049250313e-16
flowers102,RBF,True,10,None,False,False,100.0,0.9803921568627455,0.0,2.220446049250313e-16
flowers102,RBF,True,10,BothSides,True,False,100.0,26.911764705882355,0.0,1.7001405188831435
flowers102,RBF,True,10,BothSides,False,False,100.0,33.758169934640534,0.0,1.422267543278062
flowers102,RBF,True,100,None,True,False,100.0,0.9803921568627455,0.0,2.220446049250313e-16
flowers102,RBF,True,100,None,False,False,100.0,0.9803921568627455,0.0,2.220446049250313e-16
flowers102,RBF,True,100,BothSides,True,False,100.0,23.82897603485839,0.0,1.5306755263869902
flowers102,RBF,True,100,BothSides,False,False,100.0,12.909586056644882,0.0,2.1178608223873705
flowers102,RBF,True,1000,None,True,False,100.0,0.9803921568627455,0.0,2.220446049250313e-16
flowers102,RBF,True,1000,None,False,False,100.0,0.9803921568627455,0.0,2.220446049250313e-16
flowers102,RBF,True,1000,BothSides,True,False,100.0,4.044662309368192,0.0,1.3024291497575486
flowers102,RBF,True,1000,BothSides,False,False,100.0,3.3605664488017437,0.0,1.3558810008022073
flowers102,RBF,True,0,None,False,False,100.0,0.9803921568627455,0.0,2.220446049250313e-16
flowers102,RBF,True,0,BothSides,False,False,100.0,3.363834422657953,0.0,1.3545592855342528
flowers102,RBF,False,5,None,True,False,100.0,0.9803921568627455,0.0,2.220446049250313e-16
flowers102,RBF,False,5,None,False,False,100.0,0.9803921568627455,0.0,2.220446049250313e-16
flowers102,RBF,False,5,BothSides,True,False,100.0,22.543572984749463,0.0,1.5606927585062758
flowers102,RBF,False,5,BothSides,False,False,100.0,33.64596949891068,0.0,1.528602703903198
flowers102,RBF,False,50,None,True,False,100.0,0.9803921568627455,0.0,2.220446049250313e-16
flowers102,RBF,False,50,None,False,False,100.0,0.9803921568627455,0.0,2.220446049250313e-16
flowers102,RBF,False,50,BothSides,True,False,100.0,26.408496732026148,0.0,1.6102307198432666
flowers102,RBF,False,50,BothSides,False,False,100.0,21.502178649237475,0.0,1.4010336631072926
flowers102,RBF,False,500,None,True,False,100.0,0.9803921568627455,0.0,2.220446049250313e-16
flowers102,RBF,False,500,None,False,False,100.0,0.9803921568627455,0.0,2.220446049250313e-16
flowers102,RBF,False,500,BothSides,True,False,100.0,12.604575163398694,0.0,1.331500067513034
flowers102,RBF,False,500,BothSides,False,False,100.0,1.2647058823529413,0.0,0.3526098528229477
flowers102,RBF,False,40,None,True,False,100.0,0.9803921568627455,0.0,2.220446049250313e-16
flowers102,RBF,False,40,None,False,False,100.0,0.9803921568627455,0.0,2.220446049250313e-16
flowers102,RBF,False,40,BothSides,True,False,100.0,27.46514161220044,0.0,1.6007998692457914
flowers102,RBF,False,40,BothSides,False,False,100.0,22.969498910675384,0.0,1.3380542819669612
flowers102,RBF,False,30,None,True,False,100.0,0.9803921568627455,0.0,2.220446049250313e-16
flowers102,RBF,False,30,None,False,False,100.0,0.9803921568627455,0.0,2.220446049250313e-16
flowers102,RBF,False,30,BothSides,True,False,100.0,28.480392156862752,0.0,1.5187681674487195
flowers102,RBF,False,30,BothSides,False,False,100.0,25.054466230936825,0.0,1.4485969681812019
flowers102,RBF,False,20,None,True,False,100.0,0.9803921568627455,0.0,2.220446049250313e-16
flowers102,RBF,False,20,None,False,False,100.0,0.9803921568627455,0.0,2.220446049250313e-16
flowers102,RBF,False,20,BothSides,True,False,100.0,28.537037037037038,0.0,1.6024150273890587
flowers102,RBF,False,20,BothSides,False,False,100.0,28.338779956427015,0.0,1.4831125680749524
flowers102,RBF,False,200,None,True,False,100.0,0.9803921568627455,0.0,2.220446049250313e-16
flowers102,RBF,False,200,None,False,False,100.0,0.9803921568627455,0.0,2.220446049250313e-16
flowers102,RBF,False,200,BothSides,True,False,100.0,18.99455337690632,0.0,1.4544547926570055
flowers102,RBF,False,200,BothSides,False,False,100.0,3.7690631808278874,0.0,1.3554105146050905
flowers102,RBF,False,10,None,True,False,100.0,0.9803921568627455,0.0,2.220446049250313e-16
flowers102,RBF,False,10,None,False,False,100.0,0.9803921568627455,0.0,2.220446049250313e-16
flowers102,RBF,False,10,BothSides,True,False,100.0,27.459694989106755,0.0,1.611293391430483
flowers102,RBF,False,10,BothSides,False,False,100.0,32.44444444444445,0.0,1.595532991877065
flowers102,RBF,False,100,None,True,False,100.0,0.9803921568627455,0.0,2.220446049250313e-16
flowers102,RBF,False,100,None,False,False,100.0,0.9803921568627455,0.0,2.220446049250313e-16
flowers102,RBF,False,100,BothSides,True,False,100.0,22.67429193899782,0.0,1.4775816124522816
flowers102,RBF,False,100,BothSides,False,False,100.0,12.699346405228757,0.0,2.2304931731402613
flowers102,RBF,False,1000,None,True,False,100.0,0.9803921568627455,0.0,2.220446049250313e-16
flowers102,RBF,False,1000,None,False,False,100.0,0.9803921568627455,0.0,2.220446049250313e-16
flowers102,RBF,False,1000,BothSides,True,False,100.0,4.344226579520697,0.0,1.9212474845146477
flowers102,RBF,False,1000,BothSides,False,False,100.0,3.5152505446623095,0.0,1.638327930086289
flowers102,RBF,False,0,None,False,False,100.0,0.9803921568627455,0.0,2.220446049250313e-16
flowers102,RBF,False,0,BothSides,False,False,100.0,3.5152505446623086,0.0,1.6340490184281493
flowers102,L2Distance,True,5,None,True,False,100.0,0.9803921568627455,0.0,2.220446049250313e-16
flowers102,L2Distance,True,5,BothSides,True,False,100.0,21.020697167755994,0.0,1.5474894311042777
flowers102,L2Distance,True,50,None,True,False,100.0,0.9803921568627455,0.0,2.220446049250313e-16
flowers102,L2Distance,True,50,BothSides,True,False,100.0,29.41938997821351,0.0,1.6522763638009383
flowers102,L2Distance,True,500,None,True,False,100.0,0.9803921568627455,0.0,2.220446049250313e-16
flowers102,L2Distance,True,500,BothSides,True,False,100.0,25.53267973856209,0.0,1.6471434745569256
flowers102,L2Distance,True,40,None,True,False,100.0,0.9803921568627455,0.0,2.220446049250313e-16
flowers102,L2Distance,True,40,BothSides,True,False,100.0,29.22875816993464,0.0,1.731846635715042
flowers102,L2Distance,True,30,None,True,False,100.0,0.9803921568627455,0.0,2.220446049250313e-16
flowers102,L2Distance,True,30,BothSides,True,False,100.0,28.583877995642702,0.0,1.593395599409721
flowers102,L2Distance,True,20,None,True,False,100.0,0.9803921568627455,0.0,2.220446049250313e-16
flowers102,L2Distance,True,20,BothSides,True,False,100.0,28.300653594771237,0.0,1.494003849759799
flowers102,L2Distance,True,200,None,True,False,100.0,0.9803921568627455,0.0,2.220446049250313e-16
flowers102,L2Distance,True,200,BothSides,True,False,100.0,27.90849673202614,0.0,1.644483352558242
flowers102,L2Distance,True,10,None,True,False,100.0,0.9803921568627455,0.0,2.220446049250313e-16
flowers102,L2Distance,True,10,BothSides,True,False,100.0,26.660130718954246,0.0,1.671935511047767
flowers102,L2Distance,True,100,None,True,False,100.0,0.9803921568627455,0.0,2.220446049250313e-16
flowers102,L2Distance,True,100,BothSides,True,False,100.0,28.796296296296305,0.0,1.7415827527199108
flowers102,L2Distance,True,1000,None,True,False,100.0,0.9803921568627455,0.0,2.220446049250313e-16
flowers102,L2Distance,True,1000,BothSides,True,False,100.0,15.218954248366018,0.0,2.109147108668281
flowers102,L2Distance,False,5,None,True,False,100.0,0.9803921568627455,0.0,2.220446049250313e-16
flowers102,L2Distance,False,5,BothSides,True,False,100.0,22.503267973856214,0.0,1.5983165350081838
flowers102,L2Distance,False,50,None,True,False,100.0,0.9803921568627455,0.0,2.220446049250313e-16
flowers102,L2Distance,False,50,BothSides,True,False,100.0,29.258169934640524,0.0,1.5419308211313034
flowers102,L2Distance,False,500,None,True,False,100.0,0.9803921568627455,0.0,2.220446049250313e-16
flowers102,L2Distance,False,500,BothSides,True,False,100.0,25.517429193899783,0.0,1.6658031710183194
flowers102,L2Distance,False,40,None,True,False,100.0,0.9803921568627455,0.0,2.220446049250313e-16
flowers102,L2Distance,False,40,BothSides,True,False,100.0,29.66230936819173,0.0,1.648267299970955
flowers102,L2Distance,False,30,None,True,False,100.0,0.9803921568627455,0.0,2.220446049250313e-16
flowers102,L2Distance,False,30,BothSides,True,False,100.0,29.650326797385627,0.0,1.7340251683285304
flowers102,L2Distance,False,20,None,True,False,100.0,0.9803921568627455,0.0,2.220446049250313e-16
flowers102,L2Distance,False,20,BothSides,True,False,100.0,28.811546840958613,0.0,1.527036915657322
flowers102,L2Distance,False,200,None,True,False,100.0,0.9803921568627455,0.0,2.220446049250313e-16
flowers102,L2Distance,False,200,BothSides,True,False,100.0,27.44335511982571,0.0,1.610083326998007
flowers102,L2Distance,False,10,None,True,False,100.0,0.9803921568627455,0.0,2.220446049250313e-16
flowers102,L2Distance,False,10,BothSides,True,False,100.0,27.305010893246195,0.0,1.5503825791098964
flowers102,L2Distance,False,100,None,True,False,100.0,0.9803921568627455,0.0,2.220446049250313e-16
flowers102,L2Distance,False,100,BothSides,True,False,100.0,28.516339869281055,0.0,1.7492111382918458
flowers102,L2Distance,False,1000,None,True,False,100.0,0.9803921568627455,0.0,2.220446049250313e-16
flowers102,L2Distance,False,1000,BothSides,True,False,100.0,17.779956427015254,0.0,2.119601785726824
flowers102,Covariance,True,5,None,True,False,100.0,9.017429193899783,0.0,7.536482435627879
flowers102,Covariance,True,5,None,False,False,100.0,32.94335511982572,0.0,1.5978710186778486
flowers102,Covariance,True,5,BothSides,True,False,100.0,23.50762527233115,0.0,1.5255212482036788
flowers102,Covariance,True,5,BothSides,False,False,100.0,35.574074074074076,0.0,1.7044540162829445
flowers102,Covariance,True,50,None,True,False,100.0,0.9803921568627455,0.0,2.220446049250313e-16
flowers102,Covariance,True,50,None,False,False,100.0,0.9803921568627455,0.0,0.02178649237472766
flowers102,Covariance,True,50,BothSides,True,False,100.0,27.57952069716776,0.0,1.6058122864551347
flowers102,Covariance,True,50,BothSides,False,False,100.0,27.701525054466238,0.0,1.4121361705011222
flowers102,Covariance,True,500,None,True,False,100.0,0.9803921568627455,0.0,2.220446049250313e-16
flowers102,Covariance,True,500,None,False,False,100.0,0.9803921568627455,0.0,2.220446049250313e-16
flowers102,Covariance,True,500,BothSides,True,False,100.0,20.815904139433556,0.0,1.4710396305529385
flowers102,Covariance,True,500,BothSides,False,False,100.0,20.08169934640523,0.0,1.7903655739315667
flowers102,Covariance,True,40,None,True,False,100.0,0.9803921568627455,0.0,2.220446049250313e-16
flowers102,Covariance,True,40,None,False,False,100.0,13.101307189542485,0.0,3.672101979638614
flowers102,Covariance,True,40,BothSides,True,False,100.0,29.068627450980394,0.0,1.6401752822338067
flowers102,Covariance,True,40,BothSides,False,False,100.0,28.899782135076258,0.0,1.4039615302467736
flowers102,Covariance,True,30,None,True,False,100.0,0.9803921568627455,0.0,2.220446049250313e-16
flowers102,Covariance,True,30,None,False,False,100.0,24.64705882352942,0.0,1.6502185804018388
flowers102,Covariance,True,30,BothSides,True,False,100.0,29.858387799564266,0.0,1.61164831857947
flowers102,Covariance,True,30,BothSides,False,False,100.0,30.23747276688454,0.0,1.481816250783158
flowers102,Covariance,True,20,None,True,False,100.0,0.9803921568627455,0.0,2.220446049250313e-16
flowers102,Covariance,True,20,None,False,False,100.0,28.643790849673206,0.0,1.579586430906263
flowers102,Covariance,True,20,BothSides,True,False,100.0,31.51089324618736,0.0,1.490732283227474
flowers102,Covariance,True,20,BothSides,False,False,100.0,31.988017429193903,0.0,1.4871076527379359
flowers102,Covariance,True,200,None,True,False,100.0,0.9803921568627455,0.0,2.220446049250313e-16
flowers102,Covariance,True,200,None,False,False,100.0,0.9803921568627455,0.0,2.220446049250313e-16
flowers102,Covariance,True,200,BothSides,True,False,100.0,23.02832244008715,0.0,1.3768649507037003
flowers102,Covariance,True,200,BothSides,False,False,100.0,23.041394335511985,0.0,1.5665442473065754
flowers102,Covariance,True,10,None,True,False,100.0,0.9803921568627455,0.0,2.220446049250313e-16
flowers102,Covariance,True,10,None,False,False,100.0,32.455337690631815,0.0,1.6761318653681108
flowers102,Covariance,True,10,BothSides,True,False,100.0,31.080610021786487,0.0,1.5664987977634477
flowers102,Covariance,True,10,BothSides,False,False,100.0,34.732026143790854,0.0,1.6749208225808565
flowers102,Covariance,True,100,None,True,False,100.0,0.9803921568627455,0.0,2.220446049250313e-16
flowers102,Covariance,True,100,None,False,False,100.0,0.9803921568627455,0.0,2.220446049250313e-16
flowers102,Covariance,True,100,BothSides,True,False,100.0,24.470588235294116,0.0,1.4495403296989486
flowers102,Covariance,True,100,BothSides,False,False,100.0,24.568627450980394,0.0,1.3877174777267987
flowers102,Covariance,True,1000,None,True,False,100.0,0.9803921568627455,0.0,2.220446049250313e-16
flowers102,Covariance,True,1000,None,False,False,100.0,0.9803921568627455,0.0,2.220446049250313e-16
flowers102,Covariance,True,1000,BothSides,True,False,100.0,15.872549019607844,0.0,1.9190854748455943
flowers102,Covariance,True,1000,BothSides,False,False,100.0,0.9803921568627455,0.0,2.220446049250313e-16
flowers102,Covariance,True,0,None,False,False,100.0,0.9803921568627455,0.0,2.220446049250313e-16
flowers102,Covariance,True,0,BothSides,False,False,100.0,0.9803921568627455,0.0,2.220446049250313e-16
flowers102,Covariance,False,5,None,True,False,100.0,0.9803921568627455,0.0,2.220446049250313e-16
flowers102,Covariance,False,5,None,False,False,100.0,0.9803921568627455,0.0,2.220446049250313e-16
flowers102,Covariance,False,5,BothSides,True,False,100.0,15.604575163398692,0.0,1.5601604427362428
flowers102,Covariance,False,5,BothSides,False,False,100.0,29.774509803921568,0.0,1.5213193444771695
flowers102,Covariance,False,50,None,True,False,100.0,0.9803921568627455,0.0,2.220446049250313e-16
flowers102,Covariance,False,50,None,False,False,100.0,0.9803921568627455,0.0,2.220446049250313e-16
flowers102,Covariance,False,50,BothSides,True,False,100.0,26.680827886710247,0.0,1.4526261218506975
flowers102,Covariance,False,50,BothSides,False,False,100.0,23.755991285403056,0.0,1.4701992546158433
flowers102,Covariance,False,500,None,True,False,100.0,0.9803921568627455,0.0,2.220446049250313e-16
flowers102,Covariance,False,500,None,False,False,100.0,0.9803921568627455,0.0,2.220446049250313e-16
flowers102,Covariance,False,500,BothSides,True,False,100.0,18.38344226579521,0.0,1.4403919927572029
flowers102,Covariance,False,500,BothSides,False,False,100.0,7.309368191721132,0.0,1.4542789646973044
flowers102,Covariance,False,40,None,True,False,100.0,0.9803921568627455,0.0,2.220446049250313e-16
flowers102,Covariance,False,40,None,False,False,100.0,0.9803921568627455,0.0,2.220446049250313e-16
flowers102,Covariance,False,40,BothSides,True,False,100.0,26.71459694989107,0.0,1.5573243210454537
flowers102,Covariance,False,40,BothSides,False,False,100.0,25.43355119825708,0.0,1.4273461672889778
flowers102,Covariance,False,30,None,True,False,100.0,0.9803921568627455,0.0,2.220446049250313e-16
flowers102,Covariance,False,30,None,False,False,100.0,0.9803921568627455,0.0,2.220446049250313e-16
flowers102,Covariance,False,30,BothSides,True,False,100.0,26.89978213507625,0.0,1.4507922833700868
flowers102,Covariance,False,30,BothSides,False,False,100.0,27.373638344226585,0.0,1.3261421086321747
flowers102,Covariance,False,20,None,True,False,100.0,0.9803921568627455,0.0,2.220446049250313e-16
flowers102,Covariance,False,20,None,False,False,100.0,0.9803921568627455,0.0,2.220446049250313e-16
flowers102,Covariance,False,20,BothSides,True,False,100.0,26.151416122004356,0.0,1.4870182803623277
flowers102,Covariance,False,20,BothSides,False,False,100.0,28.750544662309377,0.0,1.4039408226968606
flowers102,Covariance,False,200,None,True,False,100.0,0.9803921568627455,0.0,2.220446049250313e-16
flowers102,Covariance,False,200,None,False,False,100.0,0.9803921568627455,0.0,2.220446049250313e-16
flowers102,Covariance,False,200,BothSides,True,False,100.0,23.057734204793032,0.0,1.3323695913248639
flowers102,Covariance,False,200,BothSides,False,False,100.0,14.095860566448803,0.0,1.5417695871855452
flowers102,Covariance,False,10,None,True,False,100.0,0.9803921568627455,0.0,2.220446049250313e-16
flowers102,Covariance,False,10,None,False,False,100.0,0.9803921568627455,0.0,2.220446049250313e-16
flowers102,Covariance,False,10,BothSides,True,False,100.0,21.76906318082789,0.0,1.4170199934810026
flowers102,Covariance,False,10,BothSides,False,False,100.0,30.405228758169937,0.0,1.5054986449335213
flowers102,Covariance,False,100,None,True,False,100.0,0.9803921568627455,0.0,2.220446049250313e-16
flowers102,Covariance,False,100,None,False,False,100.0,0.9803921568627455,0.0,2.220446049250313e-16
flowers102,Covariance,False,100,BothSides,True,False,100.0,24.453159041394343,0.0,1.5214304903268063
flowers102,Covariance,False,100,BothSides,False,False,100.0,18.842047930283226,0.0,1.4593254661855781
flowers102,Covariance,False,1000,None,True,False,100.0,0.9803921568627455,0.0,2.220446049250313e-16
flowers102,Covariance,False,1000,None,False,False,100.0,0.9803921568627455,0.0,2.220446049250313e-16
flowers102,Covariance,False,1000,BothSides,True,False,100.0,4.692810457516341,0.0,1.2098547478031003
flowers102,Covariance,False,1000,BothSides,False,False,100.0,4.876906318082789,0.0,1.2475363868500675
flowers102,Covariance,False,0,None,False,False,100.0,0.9803921568627455,0.0,2.220446049250313e-16
flowers102,Covariance,False,0,BothSides,False,False,100.0,4.871459694989108,0.0,1.2606154731043626
flowers102,Cosine,True,5,None,True,False,100.0,0.9803921568627455,0.0,2.220446049250313e-16
flowers102,Cosine,True,5,None,False,False,100.0,0.9803921568627455,0.0,2.220446049250313e-16
flowers102,Cosine,True,5,BothSides,True,False,100.0,27.179738562091508,0.0,1.630023879587708
flowers102,Cosine,True,5,BothSides,False,False,100.0,36.72984749455338,0.0,1.6925160198508293
flowers102,Cosine,True,50,None,True,False,100.0,0.9803921568627455,0.0,2.220446049250313e-16
flowers102,Cosine,True,50,None,False,False,100.0,0.9803921568627455,0.0,2.220446049250313e-16
flowers102,Cosine,True,50,BothSides,True,False,100.0,29.528322440087145,0.0,1.441967516497298
flowers102,Cosine,True,50,BothSides,False,False,100.0,25.9520697167756,0.0,1.5051707196516553
flowers102,Cosine,True,500,None,True,False,100.0,0.9803921568627455,0.0,2.220446049250313e-16
flowers102,Cosine,True,500,None,False,False,100.0,0.9803921568627455,0.0,2.220446049250313e-16
flowers102,Cosine,True,500,BothSides,True,False,100.0,17.665577342047936,0.0,1.4963097938366203
flowers102,Cosine,True,500,BothSides,False,False,100.0,2.0795206971677564,0.0,0.8660089612267304
flowers102,Cosine,True,40,None,True,False,100.0,0.9803921568627455,0.0,2.220446049250313e-16
flowers102,Cosine,True,40,None,False,False,100.0,0.9803921568627455,0.0,2.220446049250313e-16
flowers102,Cosine,True,40,BothSides,True,False,100.0,30.569716775599133,0.0,1.5327114811682634
flowers102,Cosine,True,40,BothSides,False,False,100.0,27.12309368191721,0.0,1.6051555878332069
flowers102,Cosine,True,30,None,True,False,100.0,0.9803921568627455,0.0,2.220446049250313e-16
flowers102,Cosine,True,30,None,False,False,100.0,0.9803921568627455,0.0,2.220446049250313e-16
flowers102,Cosine,True,30,BothSides,True,False,100.0,32.131808278867105,0.0,1.6662362210607091
flowers102,Cosine,True,30,BothSides,False,False,100.0,28.917211328976038,0.0,1.7261186439452119
flowers102,Cosine,True,20,None,True,False,100.0,0.9803921568627455,0.0,2.220446049250313e-16
flowers102,Cosine,True,20,None,False,False,100.0,0.9803921568627455,0.0,2.220446049250313e-16
flowers102,Cosine,True,20,BothSides,True,False,100.0,33.5718954248366,0.0,1.6052442966421545
flowers102,Cosine,True,20,BothSides,False,False,100.0,31.533769063180827,0.0,1.5688150456695773
flowers102,Cosine,True,200,None,True,False,100.0,0.9803921568627455,0.0,2.220446049250313e-16
flowers102,Cosine,True,200,None,False,False,100.0,0.9803921568627455,0.0,2.220446049250313e-16
flowers102,Cosine,True,200,BothSides,True,False,100.0,22.506535947712415,0.0,1.5416845381447741
flowers102,Cosine,True,200,BothSides,False,False,100.0,12.50871459694989,0.0,2.228410740942366
flowers102,Cosine,True,10,None,True,False,100.0,0.9803921568627455,0.0,2.220446049250313e-16
flowers102,Cosine,True,10,None,False,False,100.0,0.9803921568627455,0.0,2.220446049250313e-16
flowers102,Cosine,True,10,BothSides,True,False,100.0,32.8235294117647,0.0,1.7347220082443715
flowers102,Cosine,True,10,BothSides,False,False,100.0,35.76688453159042,0.0,1.563491653033986
flowers102,Cosine,True,100,None,True,False,100.0,0.9803921568627455,0.0,2.220446049250313e-16
flowers102,Cosine,True,100,None,False,False,100.0,0.9803921568627455,0.0,2.220446049250313e-16
flowers102,Cosine,True,100,BothSides,True,False,100.0,25.854030501089333,0.0,1.6894873493094942
flowers102,Cosine,True,100,BothSides,False,False,100.0,21.428104575163392,0.0,1.7587985124142869
flowers102,Cosine,True,1000,None,True,False,100.0,0.9803921568627455,0.0,2.220446049250313e-16
flowers102,Cosine,True,1000,None,False,False,100.0,0.9803921568627455,0.0,2.220446049250313e-16
flowers102,Cosine,True,1000,BothSides,True,False,100.0,6.3845315904139435,0.0,2.1382915077234492
flowers102,Cosine,True,1000,BothSides,False,False,100.0,5.24727668845316,0.0,2.1269494861427307
flowers102,Cosine,True,0,None,False,False,100.0,0.9803921568627455,0.0,2.220446049250313e-16
flowers102,Cosine,True,0,BothSides,False,False,100.0,5.242919389978214,0.0,2.128823209569721
flowers102,Cosine,False,5,None,True,False,100.0,0.9803921568627455,0.0,2.220446049250313e-16
flowers102,Cosine,False,5,None,False,False,100.0,0.9803921568627455,0.0,2.220446049250313e-16
flowers102,Cosine,False,5,BothSides,True,False,100.0,25.608932461873646,0.0,1.7759730015247832
flowers102,Cosine,False,5,BothSides,False,False,100.0,35.49455337690632,0.0,1.6695988560250503
flowers102,Cosine,False,50,None,True,False,100.0,0.9803921568627455,0.0,2.220446049250313e-16
flowers102,Cosine,False,50,None,False,False,100.0,0.9803921568627455,0.0,2.220446049250313e-16
flowers102,Cosine,False,50,BothSides,True,False,100.0,28.099128540305014,0.0,1.4614315914395988
flowers102,Cosine,False,50,BothSides,False,False,100.0,24.8921568627451,0.0,1.5645746937758442
flowers102,Cosine,False,500,None,True,False,100.0,0.9803921568627455,0.0,2.220446049250313e-16
flowers102,Cosine,False,500,None,False,False,100.0,0.9803921568627455,0.0,2.220446049250313e-16
flowers102,Cosine,False,500,BothSides,True,False,100.0,16.722222222222225,0.0,1.5985626295292386
flowers102,Cosine,False,500,BothSides,False,False,100.0,2.0424836601307192,0.0,0.6650012304340852
flowers102,Cosine,False,40,None,True,False,100.0,0.9803921568627455,0.0,2.220446049250313e-16
flowers102,Cosine,False,40,None,False,False,100.0,0.9803921568627455,0.0,2.220446049250313e-16
flowers102,Cosine,False,40,BothSides,True,False,100.0,29.39433551198257,0.0,1.6824843546938608
flowers102,Cosine,False,40,BothSides,False,False,100.0,26.069716775599137,0.0,1.5775947991385142
flowers102,Cosine,False,30,None,True,False,100.0,0.9803921568627455,0.0,2.220446049250313e-16
flowers102,Cosine,False,30,None,False,False,100.0,0.9803921568627455,0.0,2.220446049250313e-16
flowers102,Cosine,False,30,BothSides,True,False,100.0,31.006535947712422,0.0,1.592540435293025
flowers102,Cosine,False,30,BothSides,False,False,100.0,27.849673202614387,0.0,1.664295520927061
flowers102,Cosine,False,20,None,True,False,100.0,0.9803921568627455,0.0,2.220446049250313e-16
flowers102,Cosine,False,20,None,False,False,100.0,0.9803921568627455,0.0,2.220446049250313e-16
flowers102,Cosine,False,20,BothSides,True,False,100.0,31.46732026143791,0.0,1.6682433056960209
flowers102,Cosine,False,20,BothSides,False,False,100.0,30.488017429193903,0.0,1.6254154264808658
flowers102,Cosine,False,200,None,True,False,100.0,0.9803921568627455,0.0,2.220446049250313e-16
flowers102,Cosine,False,200,None,False,False,100.0,0.9803921568627455,0.0,2.220446049250313e-16
flowers102,Cosine,False,200,BothSides,True,False,100.0,21.575163398692812,0.0,1.3678569036504191
flowers102,Cosine,False,200,BothSides,False,False,100.0,11.867102396514163,0.0,1.95082316057605
flowers102,Cosine,False,10,None,True,False,100.0,0.9803921568627455,0.0,2.220446049250313e-16
flowers102,Cosine,False,10,None,False,False,100.0,0.9803921568627455,0.0,2.220446049250313e-16
flowers102,Cosine,False,10,BothSides,True,False,100.0,31.119825708061004,0.0,1.596734389392341
flowers102,Cosine,False,10,BothSides,False,False,100.0,34.07080610021787,0.0,1.5334235814852275
flowers102,Cosine,False,100,None,True,False,100.0,0.9803921568627455,0.0,2.220446049250313e-16
flowers102,Cosine,False,100,None,False,False,100.0,0.9803921568627455,0.0,2.220446049250313e-16
flowers102,Cosine,False,100,BothSides,True,False,100.0,24.565359477124183,0.0,1.4879149525953095
flowers102,Cosine,False,100,BothSides,False,False,100.0,20.287581699346404,0.0,1.6727515050927393
flowers102,Cosine,False,1000,None,True,False,100.0,0.9803921568627455,0.0,2.220446049250313e-16
flowers102,Cosine,False,1000,None,False,False,100.0,0.9803921568627455,0.0,2.220446049250313e-16
flowers102,Cosine,False,1000,BothSides,True,False,100.0,5.413943355119825,0.0,1.6991718250081158
flowers102,Cosine,False,1000,BothSides,False,False,100.0,4.349673202614379,0.0,1.632915770906768
flowers102,Cosine,False,0,None,False,False,100.0,0.9803921568627455,0.0,2.220446049250313e-16
flowers102,Cosine,False,0,BothSides,False,False,100.0,4.351851851851851,0.0,1.6415493118775601
cora,kalofolias,True,50,None,False,True,100.0,10.834951456310675,0.0,5.329070518200751e-15
cora,kalofolias,True,50,BothSides,False,True,100.0,57.71300970873786,0.0,3.220590250980278
cora,kalofolias,True,500,None,False,True,100.0,10.834951456310675,0.0,5.329070518200751e-15
cora,kalofolias,True,500,BothSides,False,True,100.0,43.20427184466019,0.0,10.152453869765528
cora,kalofolias,True,40,None,False,True,100.0,10.834951456310675,0.0,5.329070518200751e-15
cora,kalofolias,True,40,BothSides,False,True,100.0,56.51495145631068,0.0,3.3083988157569784
cora,kalofolias,True,30,None,False,True,100.0,10.834951456310675,0.0,5.329070518200751e-15
cora,kalofolias,True,30,BothSides,False,True,100.0,54.05398058252428,0.0,3.4439175434378044
cora,kalofolias,True,200,None,False,True,100.0,10.834951456310675,0.0,5.329070518200751e-15
cora,kalofolias,True,200,BothSides,False,True,100.0,58.01203883495146,0.0,4.048698541891963
cora,kalofolias,True,100,None,False,True,100.0,10.834951456310675,0.0,5.329070518200751e-15
cora,kalofolias,True,100,BothSides,False,True,100.0,58.60194174757281,0.0,3.370269732464091
cora,kalofolias,True,1000,None,False,True,100.0,10.834951456310675,0.0,5.329070518200751e-15
cora,kalofolias,True,1000,BothSides,False,True,100.0,34.761165048543695,0.0,11.039821834274727
cora,kalofolias,False,50,None,False,True,100.0,10.834951456310675,0.0,5.329070518200751e-15
cora,kalofolias,False,50,BothSides,False,True,100.0,57.71300970873786,0.0,3.220590250980278
cora,kalofolias,False,500,None,False,True,100.0,10.834951456310675,0.0,5.329070518200751e-15
cora,kalofolias,False,500,BothSides,False,True,100.0,43.20427184466019,0.0,10.152453869765528
cora,kalofolias,False,40,None,False,True,100.0,10.834951456310675,0.0,5.329070518200751e-15
cora,kalofolias,False,40,BothSides,False,True,100.0,56.51495145631068,0.0,3.3083988157569784
cora,kalofolias,False,30,None,False,True,100.0,10.834951456310675,0.0,5.329070518200751e-15
cora,kalofolias,False,30,BothSides,False,True,100.0,54.05398058252428,0.0,3.4439175434378044
cora,kalofolias,False,200,None,False,True,100.0,10.834951456310675,0.0,5.329070518200751e-15
cora,kalofolias,False,200,BothSides,False,True,100.0,58.01203883495146,0.0,4.048698541891963
cora,kalofolias,False,100,None,False,True,100.0,10.834951456310675,0.0,5.329070518200751e-15
cora,kalofolias,False,100,BothSides,False,True,100.0,58.60194174757281,0.0,3.370269732464091
cora,kalofolias,False,1000,None,False,True,100.0,10.834951456310675,0.0,5.329070518200751e-15
cora,kalofolias,False,1000,BothSides,False,True,100.0,34.761165048543695,0.0,11.039821834274727
cora,kalofoliasIdentity,True,50,None,False,True,100.0,10.834951456310675,0.0,5.329070518200751e-15
cora,kalofoliasIdentity,True,50,BothSides,False,True,100.0,56.37359223300971,0.0,4.135266933804692
cora,kalofoliasIdentity,True,500,None,False,True,100.0,10.834951456310675,0.0,5.329070518200751e-15
cora,kalofoliasIdentity,True,500,BothSides,False,True,100.0,41.526990291262145,0.0,10.547452535167881
cora,kalofoliasIdentity,True,40,None,False,True,100.0,10.834951456310675,0.0,5.329070518200751e-15
cora,kalofoliasIdentity,True,40,BothSides,False,True,100.0,55.171650485436906,0.0,4.226024538604342
cora,kalofoliasIdentity,True,30,None,False,True,100.0,10.834951456310675,0.0,5.329070518200751e-15
cora,kalofoliasIdentity,True,30,BothSides,False,True,100.0,52.77669902912623,0.0,4.332658043677387
cora,kalofoliasIdentity,True,200,None,False,True,100.0,10.834951456310675,0.0,5.329070518200751e-15
cora,kalofoliasIdentity,True,200,BothSides,False,True,100.0,56.69980582524273,0.0,5.015960515449066
cora,kalofoliasIdentity,True,100,None,False,True,100.0,10.834951456310675,0.0,5.329070518200751e-15
cora,kalofoliasIdentity,True,100,BothSides,False,True,100.0,57.36893203883496,0.0,4.337846259448329
cora,kalofoliasIdentity,True,1000,None,False,True,100.0,10.834951456310675,0.0,5.329070518200751e-15
cora,kalofoliasIdentity,True,1000,BothSides,False,True,100.0,33.62368932038835,0.0,11.047061439296229
cora,kalofoliasIdentity,False,50,None,False,True,100.0,10.834951456310675,0.0,5.329070518200751e-15
cora,kalofoliasIdentity,False,50,BothSides,False,True,100.0,56.37359223300971,0.0,4.135266933804692
cora,kalofoliasIdentity,False,500,None,False,True,100.0,10.834951456310675,0.0,5.329070518200751e-15
cora,kalofoliasIdentity,False,500,BothSides,False,True,100.0,41.526990291262145,0.0,10.547452535167881
cora,kalofoliasIdentity,False,40,None,False,True,100.0,10.834951456310675,0.0,5.329070518200751e-15
cora,kalofoliasIdentity,False,40,BothSides,False,True,100.0,55.171650485436906,0.0,4.226024538604342
cora,kalofoliasIdentity,False,30,None,False,True,100.0,10.834951456310675,0.0,5.329070518200751e-15
cora,kalofoliasIdentity,False,30,BothSides,False,True,100.0,52.77669902912623,0.0,4.332658043677387
cora,kalofoliasIdentity,False,200,None,False,True,100.0,10.834951456310675,0.0,5.329070518200751e-15
cora,kalofoliasIdentity,False,200,BothSides,False,True,100.0,56.69980582524273,0.0,5.015960515449066
cora,kalofoliasIdentity,False,100,None,False,True,100.0,10.834951456310675,0.0,5.329070518200751e-15
cora,kalofoliasIdentity,False,100,BothSides,False,True,100.0,57.36893203883496,0.0,4.337846259448329
cora,kalofoliasIdentity,False,1000,None,False,True,100.0,10.834951456310675,0.0,5.329070518200751e-15
cora,kalofoliasIdentity,False,1000,BothSides,False,True,100.0,33.62368932038835,0.0,11.047061439296229
cora,RBF,True,5,None,True,False,100.0,13.779805825242715,0.0,9.058109123831336
cora,RBF,True,5,None,False,False,100.0,10.834951456310675,0.0,5.329070518200751e-15
cora,RBF,True,5,BothSides,True,False,100.0,11.668349514563108,0.0,0.3024851352478409
cora,RBF,True,5,BothSides,False,False,100.0,32.82990291262136,0.0,7.300325637672737
cora,RBF,True,50,None,True,False,100.0,10.73553398058252,0.0,3.119200092746215
cora,RBF,True,50,None,False,False,100.0,10.834951456310675,0.0,5.329070518200751e-15
cora,RBF,True,50,BothSides,True,False,100.0,13.219029126213593,0.0,0.8019938392540975
cora,RBF,True,50,BothSides,False,False,100.0,21.914951456310682,0.0,7.002114478050821
cora,RBF,True,500,None,True,False,100.0,10.834951456310675,0.0,5.329070518200751e-15
cora,RBF,True,500,None,False,False,100.0,10.834951456310675,0.0,5.329070518200751e-15
cora,RBF,True,500,BothSides,True,False,100.0,45.16000000000001,0.0,5.520520930419445
cora,RBF,True,500,BothSides,False,False,100.0,22.31533980582524,0.0,7.928485672551528
cora,RBF,True,40,None,True,False,100.0,10.73553398058252,0.0,3.119200092746215
cora,RBF,True,40,None,False,False,100.0,10.834951456310675,0.0,5.329070518200751e-15
cora,RBF,True,40,BothSides,True,False,100.0,12.883495145631068,0.0,0.7258578641757399
cora,RBF,True,40,BothSides,False,False,100.0,20.917281553398062,0.0,6.759416647399375
cora,RBF,True,30,None,True,False,100.0,10.937475728155334,0.0,3.7157541318051637
cora,RBF,True,30,None,False,False,100.0,10.834951456310675,0.0,5.329070518200751e-15
cora,RBF,True,30,BothSides,True,False,100.0,12.554563106796117,0.0,0.6832320764701076
cora,RBF,True,30,BothSides,False,False,100.0,22.545631067961168,0.0,7.012008067605456
cora,RBF,True,20,None,True,False,100.0,11.278446601941743,0.0,4.687712216957554
cora,RBF,True,20,None,False,False,100.0,10.834951456310675,0.0,5.329070518200751e-15
cora,RBF,True,20,BothSides,True,False,100.0,12.392233009708743,0.0,0.6007630175232808
cora,RBF,True,20,BothSides,False,False,100.0,25.010097087378643,0.0,7.609562810592185
cora,RBF,True,200,None,True,False,100.0,10.677669902912617,0.0,0.6855743969452324
cora,RBF,True,200,None,False,False,100.0,10.834951456310675,0.0,5.329070518200751e-15
cora,RBF,True,200,BothSides,True,False,100.0,14.608155339805826,0.0,1.3925319038407173
cora,RBF,True,200,BothSides,False,False,100.0,18.262912621359224,0.0,7.24165921612372
cora,RBF,True,10,None,True,False,100.0,11.372815533980576,0.0,4.64598602695833
cora,RBF,True,10,None,False,False,100.0,10.834951456310675,0.0,5.329070518200751e-15
cora,RBF,True,10,BothSides,True,False,100.0,12.199223300970875,0.0,0.5077929414742449
cora,RBF,True,10,BothSides,False,False,100.0,28.001165048543697,0.0,7.435083974710717
cora,RBF,True,100,None,True,False,100.0,10.565048543689318,0.0,2.3429572299538797
cora,RBF,True,100,None,False,False,100.0,10.834951456310675,0.0,5.329070518200751e-15
cora,RBF,True,100,BothSides,True,False,100.0,13.565825242718446,0.0,1.1083263820801244
cora,RBF,True,100,BothSides,False,False,100.0,19.680000000000003,0.0,7.397062583662699
cora,RBF,True,1000,None,True,False,100.0,10.834951456310675,0.0,5.329070518200751e-15
cora,RBF,True,1000,None,False,False,100.0,10.834951456310675,0.0,5.329070518200751e-15
cora,RBF,True,1000,BothSides,True,False,100.0,36.87300970873786,0.0,7.802191068230199
cora,RBF,True,1000,BothSides,False,False,100.0,22.380582524271855,0.0,9.170126123502067
cora,RBF,True,0,None,False,False,100.0,10.834951456310675,0.0,5.329070518200751e-15
cora,RBF,True,0,BothSides,False,False,100.0,19.743689320388356,0.0,9.012748064525931
cora,RBF,False,5,None,True,False,100.0,13.779805825242715,0.0,9.058109123831336
cora,RBF,False,5,None,False,False,100.0,10.834951456310675,0.0,5.329070518200751e-15
cora,RBF,False,5,BothSides,True,False,100.0,11.668349514563108,0.0,0.3024851352478409
cora,RBF,False,5,BothSides,False,False,100.0,32.82990291262136,0.0,7.300325637672737
cora,RBF,False,50,None,True,False,100.0,10.73553398058252,0.0,3.119200092746215
cora,RBF,False,50,None,False,False,100.0,10.834951456310675,0.0,5.329070518200751e-15
cora,RBF,False,50,BothSides,True,False,100.0,13.219029126213593,0.0,0.8019938392540975
cora,RBF,False,50,BothSides,False,False,100.0,21.914951456310682,0.0,7.002114478050821
cora,RBF,False,500,None,True,False,100.0,10.834951456310675,0.0,5.329070518200751e-15
cora,RBF,False,500,None,False,False,100.0,10.834951456310675,0.0,5.329070518200751e-15
cora,RBF,False,500,BothSides,True,False,100.0,45.16000000000001,0.0,5.520520930419445
cora,RBF,False,500,BothSides,False,False,100.0,22.31533980582524,0.0,7.928485672551528
cora,RBF,False,40,None,True,False,100.0,10.73553398058252,0.0,3.119200092746215
cora,RBF,False,40,None,False,False,100.0,10.834951456310675,0.0,5.329070518200751e-15
cora,RBF,False,40,BothSides,True,False,100.0,12.883495145631068,0.0,0.7258578641757399
cora,RBF,False,40,BothSides,False,False,100.0,20.917281553398062,0.0,6.759416647399375
cora,RBF,False,30,None,True,False,100.0,10.937475728155334,0.0,3.7157541318051637
cora,RBF,False,30,None,False,False,100.0,10.834951456310675,0.0,5.329070518200751e-15
cora,RBF,False,30,BothSides,True,False,100.0,12.554563106796117,0.0,0.6832320764701076
cora,RBF,False,30,BothSides,False,False,100.0,22.545631067961168,0.0,7.012008067605456
cora,RBF,False,20,None,True,False,100.0,11.278446601941743,0.0,4.687712216957554
cora,RBF,False,20,None,False,False,100.0,10.834951456310675,0.0,5.329070518200751e-15
cora,RBF,False,20,BothSides,True,False,100.0,12.392233009708743,0.0,0.6007630175232808
cora,RBF,False,20,BothSides,False,False,100.0,25.010097087378643,0.0,7.609562810592185
cora,RBF,False,200,None,True,False,100.0,10.677669902912617,0.0,0.6855743969452324
cora,RBF,False,200,None,False,False,100.0,10.834951456310675,0.0,5.329070518200751e-15
cora,RBF,False,200,BothSides,True,False,100.0,14.608155339805826,0.0,1.3925319038407173
cora,RBF,False,200,BothSides,False,False,100.0,18.262912621359224,0.0,7.24165921612372
cora,RBF,False,10,None,True,False,100.0,11.372815533980576,0.0,4.64598602695833
cora,RBF,False,10,None,False,False,100.0,10.834951456310675,0.0,5.329070518200751e-15
cora,RBF,False,10,BothSides,True,False,100.0,12.199223300970875,0.0,0.5077929414742449
cora,RBF,False,10,BothSides,False,False,100.0,28.001165048543697,0.0,7.435083974710717
cora,RBF,False,100,None,True,False,100.0,10.565048543689318,0.0,2.3429572299538797
cora,RBF,False,100,None,False,False,100.0,10.834951456310675,0.0,5.329070518200751e-15
cora,RBF,False,100,BothSides,True,False,100.0,13.565825242718446,0.0,1.1083263820801244
cora,RBF,False,100,BothSides,False,False,100.0,19.680000000000003,0.0,7.397062583662699
cora,RBF,False,1000,None,True,False,100.0,10.834951456310675,0.0,5.329070518200751e-15
cora,RBF,False,1000,None,False,False,100.0,10.834951456310675,0.0,5.329070518200751e-15
cora,RBF,False,1000,BothSides,True,False,100.0,36.87300970873786,0.0,7.802191068230199
cora,RBF,False,1000,BothSides,False,False,100.0,22.380582524271855,0.0,9.170126123502067
cora,RBF,False,0,None,False,False,100.0,10.834951456310675,0.0,5.329070518200751e-15
cora,RBF,False,0,BothSides,False,False,100.0,19.743689320388356,0.0,9.012748064525931
cora,L2Distance,True,5,None,True,False,100.0,14.117669902912619,0.0,9.146701159749304
cora,L2Distance,True,5,BothSides,True,False,100.0,11.667572815533982,0.0,0.3013812423143902
cora,L2Distance,True,50,None,True,False,100.0,10.722330097087374,0.0,2.2483022155162375
cora,L2Distance,True,50,BothSides,True,False,100.0,13.14368932038835,0.0,0.8068025422383813
cora,L2Distance,True,500,None,True,False,100.0,10.834951456310675,0.0,5.329070518200751e-15
cora,L2Distance,True,500,BothSides,True,False,100.0,42.3285436893204,0.0,6.0580530711536005
cora,L2Distance,True,40,None,True,False,100.0,10.722330097087374,0.0,2.2483022155162375
cora,L2Distance,True,40,BothSides,True,False,100.0,12.870679611650484,0.0,0.786945614948098
cora,L2Distance,True,30,None,True,False,100.0,10.772038834951452,0.0,2.304492197193602
cora,L2Distance,True,30,BothSides,True,False,100.0,12.55650485436893,0.0,0.6970425926062542
cora,L2Distance,True,20,None,True,False,100.0,11.126213592233006,0.0,4.2726512918932515
cora,L2Distance,True,20,BothSides,True,False,100.0,12.416699029126216,0.0,0.6072389529732973
cora,L2Distance,True,200,None,True,False,100.0,10.551844660194172,0.0,0.9002222366769624
cora,L2Distance,True,200,BothSides,True,False,100.0,14.5673786407767,0.0,1.4175437674852782
cora,L2Distance,True,10,None,True,False,100.0,12.010097087378638,0.0,6.143732573829305
cora,L2Distance,True,10,BothSides,True,False,100.0,12.2147572815534,0.0,0.4914257373695763
cora,L2Distance,True,100,None,True,False,100.0,10.785242718446598,0.0,2.2061676200855724
cora,L2Distance,True,100,BothSides,True,False,100.0,13.510291262135922,0.0,1.077134757359682
cora,L2Distance,True,1000,None,True,False,100.0,10.834951456310675,0.0,5.329070518200751e-15
cora,L2Distance,True,1000,BothSides,True,False,100.0,34.51300970873787,0.0,8.422229844119485
cora,L2Distance,False,5,None,True,False,100.0,14.117669902912619,0.0,9.146701159749304
cora,L2Distance,False,5,BothSides,True,False,100.0,11.667572815533982,0.0,0.3013812423143902
cora,L2Distance,False,50,None,True,False,100.0,10.722330097087374,0.0,2.2483022155162375
cora,L2Distance,False,50,BothSides,True,False,100.0,13.14368932038835,0.0,0.8068025422383813
cora,L2Distance,False,500,None,True,False,100.0,10.834951456310675,0.0,5.329070518200751e-15
cora,L2Distance,False,500,BothSides,True,False,100.0,42.3285436893204,0.0,6.0580530711536005
cora,L2Distance,False,40,None,True,False,100.0,10.722330097087374,0.0,2.2483022155162375
cora,L2Distance,False,40,BothSides,True,False,100.0,12.870679611650484,0.0,0.786945614948098
cora,L2Distance,False,30,None,True,False,100.0,10.772038834951452,0.0,2.304492197193602
cora,L2Distance,False,30,BothSides,True,False,100.0,12.55650485436893,0.0,0.6970425926062542
cora,L2Distance,False,20,None,True,False,100.0,11.126213592233006,0.0,4.2726512918932515
cora,L2Distance,False,20,BothSides,True,False,100.0,12.416699029126216,0.0,0.6072389529732973
cora,L2Distance,False,200,None,True,False,100.0,10.551844660194172,0.0,0.9002222366769624
cora,L2Distance,False,200,BothSides,True,False,100.0,14.5673786407767,0.0,1.4175437674852782
cora,L2Distance,False,10,None,True,False,100.0,12.010097087378638,0.0,6.143732573829305
cora,L2Distance,False,10,BothSides,True,False,100.0,12.2147572815534,0.0,0.4914257373695763
cora,L2Distance,False,100,None,True,False,100.0,10.785242718446598,0.0,2.2061676200855724
cora,L2Distance,False,100,BothSides,True,False,100.0,13.510291262135922,0.0,1.077134757359682
cora,L2Distance,False,1000,None,True,False,100.0,10.834951456310675,0.0,5.329070518200751e-15
cora,L2Distance,False,1000,BothSides,True,False,100.0,34.51300970873787,0.0,8.422229844119485
cora,Covariance,True,5,None,True,False,100.0,32.275728155339806,0.0,2.8354647759768503
cora,Covariance,True,5,None,False,False,100.0,46.728932038834934,0.0,1.7136016831885514
cora,Covariance,True,5,BothSides,True,False,100.0,38.85553398058253,0.0,2.1391922366616645
cora,Covariance,True,5,BothSides,False,False,100.0,56.764271844660215,0.0,2.5682260145691425
cora,Covariance,True,50,None,True,False,100.0,10.834951456310675,0.0,5.329070518200751e-15
cora,Covariance,True,50,None,False,False,100.0,51.23533980582524,0.0,1.8613952787694112
cora,Covariance,True,50,BothSides,True,False,100.0,51.376699029126215,0.0,5.565758191597724
cora,Covariance,True,50,BothSides,False,False,100.0,56.065631067961164,0.0,3.930118941571687
cora,Covariance,True,500,None,True,False,100.0,10.834951456310675,0.0,5.329070518200751e-15
cora,Covariance,True,500,None,False,False,100.0,10.834951456310675,0.0,5.329070518200751e-15
cora,Covariance,True,500,BothSides,True,False,100.0,30.504466019417478,0.0,9.467452211206405
cora,Covariance,True,500,BothSides,False,False,100.0,33.87262135922331,0.0,9.574488646399947
cora,Covariance,True,40,None,True,False,100.0,10.834951456310675,0.0,5.329070518200751e-15
cora,Covariance,True,40,None,False,False,100.0,50.94990291262136,0.0,1.8153495155756172
cora,Covariance,True,40,BothSides,True,False,100.0,52.24116504854369,0.0,5.156729690323784
cora,Covariance,True,40,BothSides,False,False,100.0,56.745631067961185,0.0,3.6909878704868513
cora,Covariance,True,30,None,True,False,100.0,16.13087378640777,0.0,2.9916862462975917
cora,Covariance,True,30,None,False,False,100.0,51.113398058252436,0.0,1.8051031440700158
cora,Covariance,True,30,BothSides,True,False,100.0,53.62446601941749,0.0,4.625319523625993
cora,Covariance,True,30,BothSides,False,False,100.0,57.283883495145645,0.0,3.417770596281679
cora,Covariance,True,20,None,True,False,100.0,15.816310679611654,0.0,2.5929760325615776
cora,Covariance,True,20,None,False,False,100.0,51.42291262135924,0.0,1.9077016812359426
cora,Covariance,True,20,BothSides,True,False,100.0,53.27106796116505,0.0,3.996393340538787
cora,Covariance,True,20,BothSides,False,False,100.0,57.78640776699029,0.0,3.0732558466108046
cora,Covariance,True,200,None,True,False,100.0,10.834951456310675,0.0,5.329070518200751e-15
cora,Covariance,True,200,None,False,False,100.0,53.58446601941748,0.0,2.902787281769856
cora,Covariance,True,200,BothSides,True,False,100.0,41.464854368932045,0.0,8.01897284552201
cora,Covariance,True,200,BothSides,False,False,100.0,46.368932038834956,0.0,7.325865428054182
cora,Covariance,True,10,None,True,False,100.0,21.061359223300975,0.0,9.189721692548803
cora,Covariance,True,10,None,False,False,100.0,50.33864077669903,0.0,1.9101710586923688
cora,Covariance,True,10,BothSides,True,False,100.0,50.646990291262135,0.0,2.7372592873292656
cora,Covariance,True,10,BothSides,False,False,100.0,58.85708737864077,0.0,2.8969273232030592
cora,Covariance,True,100,None,True,False,100.0,10.834951456310675,0.0,5.329070518200751e-15
cora,Covariance,True,100,None,False,False,100.0,53.14679611650486,0.0,2.133071035969156
cora,Covariance,True,100,BothSides,True,False,100.0,47.417864077669904,0.0,6.808360665079425
cora,Covariance,True,100,BothSides,False,False,100.0,52.45669902912621,0.0,5.288442451695748
cora,Covariance,True,1000,None,True,False,100.0,10.834951456310675,0.0,5.329070518200751e-15
cora,Covariance,True,1000,None,False,False,100.0,10.834951456310675,0.0,5.329070518200751e-15
cora,Covariance,True,1000,BothSides,True,False,100.0,21.565825242718446,0.0,9.324586239104285
cora,Covariance,True,1000,BothSides,False,False,100.0,23.32077669902913,0.0,9.55956150536968
cora,Covariance,True,0,None,False,False,100.0,10.834951456310675,0.0,5.329070518200751e-15
cora,Covariance,True,0,BothSides,False,False,100.0,10.834951456310675,0.0,5.329070518200751e-15
cora,Covariance,False,5,None,True,False,100.0,32.275728155339806,0.0,2.8354647759768503
cora,Covariance,False,5,None,False,False,100.0,46.728932038834934,0.0,1.7136016831885514
cora,Covariance,False,5,BothSides,True,False,100.0,38.85553398058253,0.0,2.1391922366616645
cora,Covariance,False,5,BothSides,False,False,100.0,56.764271844660215,0.0,2.5682260145691425
cora,Covariance,False,50,None,True,False,100.0,10.834951456310675,0.0,5.329070518200751e-15
cora,Covariance,False,50,None,False,False,100.0,51.23533980582524,0.0,1.8613952787694112
cora,Covariance,False,50,BothSides,True,False,100.0,51.376699029126215,0.0,5.565758191597724
cora,Covariance,False,50,BothSides,False,False,100.0,56.065631067961164,0.0,3.930118941571687
cora,Covariance,False,500,None,True,False,100.0,10.834951456310675,0.0,5.329070518200751e-15
cora,Covariance,False,500,None,False,False,100.0,10.834951456310675,0.0,5.329070518200751e-15
cora,Covariance,False,500,BothSides,True,False,100.0,30.504466019417478,0.0,9.467452211206405
cora,Covariance,False,500,BothSides,False,False,100.0,33.87262135922331,0.0,9.574488646399947
cora,Covariance,False,40,None,True,False,100.0,10.834951456310675,0.0,5.329070518200751e-15
cora,Covariance,False,40,None,False,False,100.0,50.94990291262136,0.0,1.8153495155756172
cora,Covariance,False,40,BothSides,True,False,100.0,52.24116504854369,0.0,5.156729690323784
cora,Covariance,False,40,BothSides,False,False,100.0,56.745631067961185,0.0,3.6909878704868513
cora,Covariance,False,30,None,True,False,100.0,16.13087378640777,0.0,2.9916862462975917
cora,Covariance,False,30,None,False,False,100.0,51.113398058252436,0.0,1.8051031440700158
cora,Covariance,False,30,BothSides,True,False,100.0,53.62446601941749,0.0,4.625319523625993
cora,Covariance,False,30,BothSides,False,False,100.0,57.283883495145645,0.0,3.417770596281679
cora,Covariance,False,20,None,True,False,100.0,15.816310679611654,0.0,2.5929760325615776
cora,Covariance,False,20,None,False,False,100.0,51.42291262135924,0.0,1.9077016812359426
cora,Covariance,False,20,BothSides,True,False,100.0,53.27106796116505,0.0,3.996393340538787
cora,Covariance,False,20,BothSides,False,False,100.0,57.78640776699029,0.0,3.0732558466108046
cora,Covariance,False,200,None,True,False,100.0,10.834951456310675,0.0,5.329070518200751e-15
cora,Covariance,False,200,None,False,False,100.0,53.58446601941748,0.0,2.902787281769856
cora,Covariance,False,200,BothSides,True,False,100.0,41.464854368932045,0.0,8.01897284552201
cora,Covariance,False,200,BothSides,False,False,100.0,46.368932038834956,0.0,7.325865428054182
cora,Covariance,False,10,None,True,False,100.0,21.061359223300975,0.0,9.189721692548803
cora,Covariance,False,10,None,False,False,100.0,50.33864077669903,0.0,1.9101710586923688
cora,Covariance,False,10,BothSides,True,False,100.0,50.646990291262135,0.0,2.7372592873292656
cora,Covariance,False,10,BothSides,False,False,100.0,58.85708737864077,0.0,2.8969273232030592
cora,Covariance,False,100,None,True,False,100.0,10.834951456310675,0.0,5.329070518200751e-15
cora,Covariance,False,100,None,False,False,100.0,53.14679611650486,0.0,2.133071035969156
cora,Covariance,False,100,BothSides,True,False,100.0,47.417864077669904,0.0,6.808360665079425
cora,Covariance,False,100,BothSides,False,False,100.0,52.45669902912621,0.0,5.288442451695748
cora,Covariance,False,1000,None,True,False,100.0,10.834951456310675,0.0,5.329070518200751e-15
cora,Covariance,False,1000,None,False,False,100.0,10.834951456310675,0.0,5.329070518200751e-15
cora,Covariance,False,1000,BothSides,True,False,100.0,21.565825242718446,0.0,9.324586239104285
cora,Covariance,False,1000,BothSides,False,False,100.0,23.32077669902913,0.0,9.55956150536968
cora,Covariance,False,0,None,False,False,100.0,10.834951456310675,0.0,5.329070518200751e-15
cora,Covariance,False,0,BothSides,False,False,100.0,10.834951456310675,0.0,5.329070518200751e-15
cora,Cosine,True,5,None,True,False,100.0,10.834951456310675,0.0,5.329070518200751e-15
cora,Cosine,True,5,None,False,False,100.0,10.834951456310675,0.0,5.329070518200751e-15
cora,Cosine,True,5,BothSides,True,False,100.0,37.984466019417475,0.0,2.3930744958032433
cora,Cosine,True,5,BothSides,False,False,100.0,56.91805825242719,0.0,3.5348532796354286
cora,Cosine,True,50,None,True,False,100.0,10.834951456310675,0.0,5.329070518200751e-15
cora,Cosine,True,50,None,False,False,100.0,10.834951456310675,0.0,5.329070518200751e-15
cora,Cosine,True,50,BothSides,True,False,100.0,57.97553398058253,0.0,3.20833420782555
cora,Cosine,True,50,BothSides,False,False,100.0,57.17398058252427,0.0,4.212544650769322
cora,Cosine,True,500,None,True,False,100.0,10.834951456310675,0.0,5.329070518200751e-15
cora,Cosine,True,500,None,False,False,100.0,10.834951456310675,0.0,5.329070518200751e-15
cora,Cosine,True,500,BothSides,True,False,100.0,45.58291262135923,0.0,6.9225305217516295
cora,Cosine,True,500,BothSides,False,False,100.0,37.688932038834956,0.0,9.554423332780548
cora,Cosine,True,40,None,True,False,100.0,10.834951456310675,0.0,5.329070518200751e-15
cora,Cosine,True,40,None,False,False,100.0,10.834951456310675,0.0,5.329070518200751e-15
cora,Cosine,True,40,BothSides,True,False,100.0,58.58990291262136,0.0,2.950095215028811
cora,Cosine,True,40,BothSides,False,False,100.0,57.37592233009708,0.0,4.038003107017148
cora,Cosine,True,30,None,True,False,100.0,10.834951456310675,0.0,5.329070518200751e-15
cora,Cosine,True,30,None,False,False,100.0,10.834951456310675,0.0,5.329070518200751e-15
cora,Cosine,True,30,BothSides,True,False,100.0,58.65514563106796,0.0,2.8619417673341383
cora,Cosine,True,30,BothSides,False,False,100.0,57.57669902912622,0.0,3.930588249749125
cora,Cosine,True,20,None,True,False,100.0,10.834951456310675,0.0,5.329070518200751e-15
cora,Cosine,True,20,None,False,False,100.0,10.834951456310675,0.0,5.329070518200751e-15
cora,Cosine,True,20,BothSides,True,False,100.0,57.62097087378642,0.0,2.874755124055286
cora,Cosine,True,20,BothSides,False,False,100.0,57.671844660194175,0.0,3.731104719281124
cora,Cosine,True,200,None,True,False,100.0,10.834951456310675,0.0,5.329070518200751e-15
cora,Cosine,True,200,None,False,False,100.0,10.834951456310675,0.0,5.329070518200751e-15
cora,Cosine,True,200,BothSides,True,False,100.0,53.68155339805825,0.0,4.584707395067668
cora,Cosine,True,200,BothSides,False,False,100.0,49.8664077669903,0.0,6.880235732622117
cora,Cosine,True,10,None,True,False,100.0,10.834951456310675,0.0,5.329070518200751e-15
cora,Cosine,True,10,None,False,False,100.0,10.834951456310675,0.0,5.329070518200751e-15
cora,Cosine,True,10,BothSides,True,False,100.0,53.08932038834951,0.0,2.874465283236191
cora,Cosine,True,10,BothSides,False,False,100.0,58.10485436893204,0.0,3.799400163997395
cora,Cosine,True,100,None,True,False,100.0,10.834951456310675,0.0,5.329070518200751e-15
cora,Cosine,True,100,None,False,False,100.0,10.834951456310675,0.0,5.329070518200751e-15
cora,Cosine,True,100,BothSides,True,False,100.0,56.689708737864095,0.0,3.782712142221453
cora,Cosine,True,100,BothSides,False,False,100.0,54.90097087378642,0.0,5.087522417000436
cora,Cosine,True,1000,None,True,False,100.0,10.834951456310675,0.0,5.329070518200751e-15
cora,Cosine,True,1000,None,False,False,100.0,10.834951456310675,0.0,5.329070518200751e-15
cora,Cosine,True,1000,BothSides,True,False,100.0,32.70796116504855,0.0,8.638181532396388
cora,Cosine,True,1000,BothSides,False,False,100.0,25.381359223300976,0.0,9.776585076610523
cora,Cosine,True,0,None,False,False,100.0,10.834951456310675,0.0,5.329070518200751e-15
cora,Cosine,True,0,BothSides,False,False,100.0,18.965825242718445,0.0,8.223688907757811
cora,Cosine,False,5,None,True,False,100.0,10.834951456310675,0.0,5.329070518200751e-15
cora,Cosine,False,5,None,False,False,100.0,10.834951456310675,0.0,5.329070518200751e-15
cora,Cosine,False,5,BothSides,True,False,100.0,37.984466019417475,0.0,2.3930744958032433
cora,Cosine,False,5,BothSides,False,False,100.0,56.91805825242719,0.0,3.5348532796354286
cora,Cosine,False,50,None,True,False,100.0,10.834951456310675,0.0,5.329070518200751e-15
cora,Cosine,False,50,None,False,False,100.0,10.834951456310675,0.0,5.329070518200751e-15
cora,Cosine,False,50,BothSides,True,False,100.0,57.97553398058253,0.0,3.20833420782555
cora,Cosine,False,50,BothSides,False,False,100.0,57.17398058252427,0.0,4.212544650769322
cora,Cosine,False,500,None,True,False,100.0,10.834951456310675,0.0,5.329070518200751e-15
cora,Cosine,False,500,None,False,False,100.0,10.834951456310675,0.0,5.329070518200751e-15
cora,Cosine,False,500,BothSides,True,False,100.0,45.58291262135923,0.0,6.9225305217516295
cora,Cosine,False,500,BothSides,False,False,100.0,37.688932038834956,0.0,9.554423332780548
cora,Cosine,False,40,None,True,False,100.0,10.834951456310675,0.0,5.329070518200751e-15
cora,Cosine,False,40,None,False,False,100.0,10.834951456310675,0.0,5.329070518200751e-15
cora,Cosine,False,40,BothSides,True,False,100.0,58.58990291262136,0.0,2.950095215028811
cora,Cosine,False,40,BothSides,False,False,100.0,57.37592233009708,0.0,4.038003107017148
cora,Cosine,False,30,None,True,False,100.0,10.834951456310675,0.0,5.329070518200751e-15
cora,Cosine,False,30,None,False,False,100.0,10.834951456310675,0.0,5.329070518200751e-15
cora,Cosine,False,30,BothSides,True,False,100.0,58.65514563106796,0.0,2.8619417673341383
cora,Cosine,False,30,BothSides,False,False,100.0,57.57669902912622,0.0,3.930588249749125
cora,Cosine,False,20,None,True,False,100.0,10.834951456310675,0.0,5.329070518200751e-15
cora,Cosine,False,20,None,False,False,100.0,10.834951456310675,0.0,5.329070518200751e-15
cora,Cosine,False,20,BothSides,True,False,100.0,57.62097087378642,0.0,2.874755124055286
cora,Cosine,False,20,BothSides,False,False,100.0,57.671844660194175,0.0,3.731104719281124
cora,Cosine,False,200,None,True,False,100.0,10.834951456310675,0.0,5.329070518200751e-15
cora,Cosine,False,200,None,False,False,100.0,10.834951456310675,0.0,5.329070518200751e-15
cora,Cosine,False,200,BothSides,True,False,100.0,53.68155339805825,0.0,4.584707395067668
cora,Cosine,False,200,BothSides,False,False,100.0,49.8664077669903,0.0,6.880235732622117
cora,Cosine,False,10,None,True,False,100.0,10.834951456310675,0.0,5.329070518200751e-15
cora,Cosine,False,10,None,False,False,100.0,10.834951456310675,0.0,5.329070518200751e-15
cora,Cosine,False,10,BothSides,True,False,100.0,53.08932038834951,0.0,2.874465283236191
cora,Cosine,False,10,BothSides,False,False,100.0,58.10485436893204,0.0,3.799400163997395
cora,Cosine,False,100,None,True,False,100.0,10.834951456310675,0.0,5.329070518200751e-15
cora,Cosine,False,100,None,False,False,100.0,10.834951456310675,0.0,5.329070518200751e-15
cora,Cosine,False,100,BothSides,True,False,100.0,56.689708737864095,0.0,3.782712142221453
cora,Cosine,False,100,BothSides,False,False,100.0,54.90097087378642,0.0,5.087522417000436
cora,Cosine,False,1000,None,True,False,100.0,10.834951456310675,0.0,5.329070518200751e-15
cora,Cosine,False,1000,None,False,False,100.0,10.834951456310675,0.0,5.329070518200751e-15
cora,Cosine,False,1000,BothSides,True,False,100.0,32.70796116504855,0.0,8.638181532396388
cora,Cosine,False,1000,BothSides,False,False,100.0,25.381359223300976,0.0,9.776585076610523
cora,Cosine,False,0,None,False,False,100.0,10.834951456310675,0.0,5.329070518200751e-15
cora,Cosine,False,0,BothSides,False,False,100.0,18.965825242718445,0.0,8.223688907757811
ESC-50,kalofolias,True,5,None,False,True,100.0,2.0,0.0,0.0
ESC-50,kalofolias,True,5,BothSides,False,True,100.0,42.68052631578948,0.0,1.8911406662093073
ESC-50,kalofolias,True,50,None,False,True,100.0,2.0,0.0,0.0
ESC-50,kalofolias,True,50,BothSides,False,True,100.0,58.64894736842105,0.0,1.8257325778939757
ESC-50,kalofolias,True,500,None,False,True,100.0,2.0,0.0,0.0
ESC-50,kalofolias,True,500,BothSides,False,True,100.0,48.741578947368424,0.0,2.0894285425323904
ESC-50,kalofolias,True,40,None,False,True,100.0,2.0,0.0,0.0
ESC-50,kalofolias,True,40,BothSides,False,True,100.0,59.04473684210526,0.0,1.85007860879633
ESC-50,kalofolias,True,30,None,False,True,100.0,2.0,0.0,0.0
ESC-50,kalofolias,True,30,BothSides,False,True,100.0,59.15736842105263,0.0,1.8291498562654462
ESC-50,kalofolias,True,20,None,False,True,100.0,2.0,0.0,0.0
ESC-50,kalofolias,True,20,BothSides,False,True,100.0,58.0457894736842,0.0,1.8775043109599332
ESC-50,kalofolias,True,200,None,False,True,100.0,2.0,0.0,0.0
ESC-50,kalofolias,True,200,BothSides,False,True,100.0,53.84368421052632,0.0,1.9134667093120354
ESC-50,kalofolias,True,10,None,False,True,100.0,2.0,0.0,0.0
ESC-50,kalofolias,True,10,BothSides,False,True,100.0,52.74421052631578,0.0,1.9981850490644515
ESC-50,kalofolias,True,100,None,False,True,100.0,2.0,0.0,0.0
ESC-50,kalofolias,True,100,BothSides,False,True,100.0,56.870526315789476,0.0,1.8945967784488047
ESC-50,kalofolias,True,1000,None,False,True,100.0,2.0,0.0,0.0
ESC-50,kalofolias,True,1000,BothSides,False,True,100.0,39.04947368421053,0.0,2.3906885388420407
ESC-50,kalofolias,False,5,None,False,True,100.0,2.0,0.0,0.0
ESC-50,kalofolias,False,5,BothSides,False,True,100.0,42.68052631578948,0.0,1.8911406662093073
ESC-50,kalofolias,False,50,None,False,True,100.0,2.0,0.0,0.0
ESC-50,kalofolias,False,50,BothSides,False,True,100.0,58.64894736842105,0.0,1.8257325778939757
ESC-50,kalofolias,False,500,None,False,True,100.0,2.0,0.0,0.0
ESC-50,kalofolias,False,500,BothSides,False,True,100.0,48.741578947368424,0.0,2.0894285425323904
ESC-50,kalofolias,False,40,None,False,True,100.0,2.0,0.0,0.0
ESC-50,kalofolias,False,40,BothSides,False,True,100.0,59.04473684210526,0.0,1.85007860879633
ESC-50,kalofolias,False,30,None,False,True,100.0,2.0,0.0,0.0
ESC-50,kalofolias,False,30,BothSides,False,True,100.0,59.15736842105263,0.0,1.8291498562654462
ESC-50,kalofolias,False,20,None,False,True,100.0,2.0,0.0,0.0
ESC-50,kalofolias,False,20,BothSides,False,True,100.0,58.0457894736842,0.0,1.8775043109599332
ESC-50,kalofolias,False,200,None,False,True,100.0,2.0,0.0,0.0
ESC-50,kalofolias,False,200,BothSides,False,True,100.0,53.84368421052632,0.0,1.9134667093120354
ESC-50,kalofolias,False,10,None,False,True,100.0,2.0,0.0,0.0
ESC-50,kalofolias,False,10,BothSides,False,True,100.0,52.74421052631578,0.0,1.9981850490644515
ESC-50,kalofolias,False,100,None,False,True,100.0,2.0,0.0,0.0
ESC-50,kalofolias,False,100,BothSides,False,True,100.0,56.870526315789476,0.0,1.8945967784488047
ESC-50,kalofolias,False,1000,None,False,True,100.0,2.0,0.0,0.0
ESC-50,kalofolias,False,1000,BothSides,False,True,100.0,39.04947368421053,0.0,2.3906885388420407
ESC-50,kalofoliasIdentity,True,5,None,False,True,100.0,2.0,0.0,0.0
ESC-50,kalofoliasIdentity,True,5,BothSides,False,True,100.0,42.56473684210527,0.0,1.9038502321273048
ESC-50,kalofoliasIdentity,True,50,None,False,True,100.0,2.0,0.0,0.0
ESC-50,kalofoliasIdentity,True,50,BothSides,False,True,100.0,58.35210526315789,0.0,1.81305965664662
ESC-50,kalofoliasIdentity,True,500,None,False,True,100.0,2.0,0.0,0.0
ESC-50,kalofoliasIdentity,True,500,BothSides,False,True,100.0,48.46684210526315,0.0,2.0458139816819676
ESC-50,kalofoliasIdentity,True,40,None,False,True,100.0,2.0,0.0,0.0
ESC-50,kalofoliasIdentity,True,40,BothSides,False,True,100.0,58.759473684210526,0.0,1.8141679258431125
ESC-50,kalofoliasIdentity,True,30,None,False,True,100.0,2.0,0.0,0.0
ESC-50,kalofoliasIdentity,True,30,BothSides,False,True,100.0,58.94947368421053,0.0,1.8433367312320186
ESC-50,kalofoliasIdentity,True,20,None,False,True,100.0,2.0,0.0,0.0
ESC-50,kalofoliasIdentity,True,20,BothSides,False,True,100.0,57.78578947368422,0.0,1.9046270383265738
ESC-50,kalofoliasIdentity,True,200,None,False,True,100.0,2.0,0.0,0.0
ESC-50,kalofoliasIdentity,True,200,BothSides,False,True,100.0,53.67052631578946,0.0,1.938895079013772
ESC-50,kalofoliasIdentity,True,10,None,False,True,100.0,2.0,0.0,0.0
ESC-50,kalofoliasIdentity,True,10,BothSides,False,True,100.0,52.55000000000001,0.0,1.948880991521434
ESC-50,kalofoliasIdentity,True,100,None,False,True,100.0,2.0,0.0,0.0
ESC-50,kalofoliasIdentity,True,100,BothSides,False,True,100.0,56.69842105263157,0.0,1.8671508655089017
ESC-50,kalofoliasIdentity,True,1000,None,False,True,100.0,2.0,0.0,0.0
ESC-50,kalofoliasIdentity,True,1000,BothSides,False,True,100.0,37.46315789473684,0.0,2.491125522969715
ESC-50,kalofoliasIdentity,False,5,None,False,True,100.0,2.0,0.0,0.0
ESC-50,kalofoliasIdentity,False,5,BothSides,False,True,100.0,42.56473684210527,0.0,1.9038502321273048
ESC-50,kalofoliasIdentity,False,50,None,False,True,100.0,2.0,0.0,0.0
ESC-50,kalofoliasIdentity,False,50,BothSides,False,True,100.0,58.35210526315789,0.0,1.81305965664662
ESC-50,kalofoliasIdentity,False,500,None,False,True,100.0,2.0,0.0,0.0
ESC-50,kalofoliasIdentity,False,500,BothSides,False,True,100.0,48.46684210526315,0.0,2.0458139816819676
ESC-50,kalofoliasIdentity,False,40,None,False,True,100.0,2.0,0.0,0.0
ESC-50,kalofoliasIdentity,False,40,BothSides,False,True,100.0,58.759473684210526,0.0,1.8141679258431125
ESC-50,kalofoliasIdentity,False,30,None,False,True,100.0,2.0,0.0,0.0
ESC-50,kalofoliasIdentity,False,30,BothSides,False,True,100.0,58.94947368421053,0.0,1.8433367312320186
ESC-50,kalofoliasIdentity,False,20,None,False,True,100.0,2.0,0.0,0.0
ESC-50,kalofoliasIdentity,False,20,BothSides,False,True,100.0,57.78578947368422,0.0,1.9046270383265738
ESC-50,kalofoliasIdentity,False,200,None,False,True,100.0,2.0,0.0,0.0
ESC-50,kalofoliasIdentity,False,200,BothSides,False,True,100.0,53.67052631578946,0.0,1.938895079013772
ESC-50,kalofoliasIdentity,False,10,None,False,True,100.0,2.0,0.0,0.0
ESC-50,kalofoliasIdentity,False,10,BothSides,False,True,100.0,52.55000000000001,0.0,1.948880991521434
ESC-50,kalofoliasIdentity,False,100,None,False,True,100.0,2.0,0.0,0.0
ESC-50,kalofoliasIdentity,False,100,BothSides,False,True,100.0,56.69842105263157,0.0,1.8671508655089017
ESC-50,kalofoliasIdentity,False,1000,None,False,True,100.0,2.0,0.0,0.0
ESC-50,kalofoliasIdentity,False,1000,BothSides,False,True,100.0,37.46315789473684,0.0,2.491125522969715
ESC-50,RBF,True,5,None,True,False,100.0,2.0,0.0,0.0
ESC-50,RBF,True,5,None,False,False,100.0,2.0,0.0,0.0
ESC-50,RBF,True,5,BothSides,True,False,100.0,35.33526315789473,0.0,2.2595767872806904
ESC-50,RBF,True,5,BothSides,False,False,100.0,57.93263157894736,0.0,1.7999704522043871
ESC-50,RBF,True,50,None,True,False,100.0,2.0,0.0,0.0
ESC-50,RBF,True,50,None,False,False,100.0,2.0,0.0,0.0
ESC-50,RBF,True,50,BothSides,True,False,100.0,52.664210526315784,0.0,2.1014014582279743
ESC-50,RBF,True,50,BothSides,False,False,100.0,48.99,0.0,2.0395900815681136
ESC-50,RBF,True,500,None,True,False,100.0,2.0,0.0,0.0
ESC-50,RBF,True,500,None,False,False,100.0,2.0,0.0,0.0
ESC-50,RBF,True,500,BothSides,True,False,100.0,37.258947368421055,0.0,1.9133686266334153
ESC-50,RBF,True,500,BothSides,False,False,100.0,2.4905263157894733,0.0,0.648325351789403
ESC-50,RBF,True,40,None,True,False,100.0,2.0,0.0,0.0
ESC-50,RBF,True,40,None,False,False,100.0,2.0,0.0,0.0
ESC-50,RBF,True,40,BothSides,True,False,100.0,53.66157894736842,0.0,2.0820330863973284
ESC-50,RBF,True,40,BothSides,False,False,100.0,50.74578947368422,0.0,1.935655457425596
ESC-50,RBF,True,30,None,True,False,100.0,2.0,0.0,0.0
ESC-50,RBF,True,30,None,False,False,100.0,2.0,0.0,0.0
ESC-50,RBF,True,30,BothSides,True,False,100.0,54.547368421052646,0.0,2.242080553360257
ESC-50,RBF,True,30,BothSides,False,False,100.0,52.598947368421044,0.0,1.8313336193836345
ESC-50,RBF,True,20,None,True,False,100.0,2.0,0.0,0.0
ESC-50,RBF,True,20,None,False,False,100.0,2.0,0.0,0.0
ESC-50,RBF,True,20,BothSides,True,False,100.0,54.517368421052645,0.0,2.1377630242668233
ESC-50,RBF,True,20,BothSides,False,False,100.0,54.457368421052635,0.0,1.8997695588495207
ESC-50,RBF,True,200,None,True,False,100.0,2.0,0.0,0.0
ESC-50,RBF,True,200,None,False,False,100.0,2.0,0.0,0.0
ESC-50,RBF,True,200,BothSides,True,False,100.0,45.39526315789474,0.0,2.2254694795552985
ESC-50,RBF,True,200,BothSides,False,False,100.0,16.965263157894736,0.0,5.433497315246621
ESC-50,RBF,True,10,None,True,False,100.0,2.0,0.0,0.0
ESC-50,RBF,True,10,None,False,False,100.0,2.0,0.0,0.0
ESC-50,RBF,True,10,BothSides,True,False,100.0,51.453684210526326,0.0,2.145455546354908
ESC-50,RBF,True,10,BothSides,False,False,100.0,56.61842105263158,0.0,1.8004366198677109
ESC-50,RBF,True,100,None,True,False,100.0,2.0,0.0,0.0
ESC-50,RBF,True,100,None,False,False,100.0,2.0,0.0,0.0
ESC-50,RBF,True,100,BothSides,True,False,100.0,49.59105263157894,0.0,2.235917517891571
ESC-50,RBF,True,100,BothSides,False,False,100.0,39.58263157894737,0.0,2.488769845980216
ESC-50,RBF,True,1000,None,True,False,100.0,2.0,0.0,0.0
ESC-50,RBF,True,1000,None,False,False,100.0,2.0,0.0,0.0
ESC-50,RBF,True,1000,BothSides,True,False,100.0,22.288421052631573,0.0,1.7115135612550985
ESC-50,RBF,True,1000,BothSides,False,False,100.0,2.3573684210526316,0.0,0.625465809796488
ESC-50,RBF,True,0,None,False,False,100.0,2.0,0.0,0.0
ESC-50,RBF,True,0,BothSides,False,False,100.0,2.966842105263157,0.0,0.9731763967385229
ESC-50,RBF,False,5,None,True,False,100.0,2.0,0.0,0.0
ESC-50,RBF,False,5,None,False,False,100.0,2.0,0.0,0.0
ESC-50,RBF,False,5,BothSides,True,False,100.0,34.55052631578947,0.0,2.2293238357275365
ESC-50,RBF,False,5,BothSides,False,False,100.0,57.49421052631579,0.0,1.8616838504436708
ESC-50,RBF,False,50,None,True,False,100.0,2.0,0.0,0.0
ESC-50,RBF,False,50,None,False,False,100.0,2.0,0.0,0.0
ESC-50,RBF,False,50,BothSides,True,False,100.0,52.33789473684211,0.0,2.085754080207562
ESC-50,RBF,False,50,BothSides,False,False,100.0,49.118421052631575,0.0,1.9904950733722282
ESC-50,RBF,False,500,None,True,False,100.0,2.0,0.0,0.0
ESC-50,RBF,False,500,None,False,False,100.0,2.0,0.0,0.0
ESC-50,RBF,False,500,BothSides,True,False,100.0,37.1878947368421,0.0,1.8046148137590972
ESC-50,RBF,False,500,BothSides,False,False,100.0,2.3526315789473684,0.0,0.553633177556095
ESC-50,RBF,False,40,None,True,False,100.0,2.0,0.0,0.0
ESC-50,RBF,False,40,None,False,False,100.0,2.0,0.0,0.0
ESC-50,RBF,False,40,BothSides,True,False,100.0,53.59947368421052,0.0,2.127616785418738
ESC-50,RBF,False,40,BothSides,False,False,100.0,50.90578947368421,0.0,1.9309448980864217
ESC-50,RBF,False,30,None,True,False,100.0,2.0,0.0,0.0
ESC-50,RBF,False,30,None,False,False,100.0,2.0,0.0,0.0
ESC-50,RBF,False,30,BothSides,True,False,100.0,54.682631578947365,0.0,2.305917414968224
ESC-50,RBF,False,30,BothSides,False,False,100.0,52.78526315789473,0.0,1.89205482693923
ESC-50,RBF,False,20,None,True,False,100.0,2.0,0.0,0.0
ESC-50,RBF,False,20,None,False,False,100.0,2.0,0.0,0.0
ESC-50,RBF,False,20,BothSides,True,False,100.0,54.54473684210526,0.0,2.0909430734211996
ESC-50,RBF,False,20,BothSides,False,False,100.0,54.46421052631579,0.0,1.8436892437991912
ESC-50,RBF,False,200,None,True,False,100.0,2.0,0.0,0.0
ESC-50,RBF,False,200,None,False,False,100.0,2.0,0.0,0.0
ESC-50,RBF,False,200,BothSides,True,False,100.0,45.323157894736845,0.0,2.2651034477058363
ESC-50,RBF,False,200,BothSides,False,False,100.0,16.235789473684214,0.0,5.050627234023881
ESC-50,RBF,False,10,None,True,False,100.0,2.0,0.0,0.0
ESC-50,RBF,False,10,None,False,False,100.0,2.0,0.0,0.0
ESC-50,RBF,False,10,BothSides,True,False,100.0,51.25894736842105,0.0,2.174514687792157
ESC-50,RBF,False,10,BothSides,False,False,100.0,56.60736842105263,0.0,1.7718703828834697
ESC-50,RBF,False,100,None,True,False,100.0,2.0,0.0,0.0
ESC-50,RBF,False,100,None,False,False,100.0,2.0,0.0,0.0
ESC-50,RBF,False,100,BothSides,True,False,100.0,49.18052631578948,0.0,2.2378667003244517
ESC-50,RBF,False,100,BothSides,False,False,100.0,39.53947368421053,0.0,2.377973426623715
ESC-50,RBF,False,1000,None,True,False,100.0,2.0,0.0,0.0
ESC-50,RBF,False,1000,None,False,False,100.0,2.0,0.0,0.0
ESC-50,RBF,False,1000,BothSides,True,False,100.0,22.088421052631578,0.0,1.7847907766299922
ESC-50,RBF,False,1000,BothSides,False,False,100.0,2.0747368421052634,0.0,0.279510850933329
ESC-50,RBF,False,0,None,False,False,100.0,2.0,0.0,0.0
ESC-50,RBF,False,0,BothSides,False,False,100.0,2.724210526315789,0.0,0.820314107800825
ESC-50,L2Distance,True,5,None,True,False,100.0,2.0,0.0,0.0
ESC-50,L2Distance,True,5,BothSides,True,False,100.0,35.05263157894737,0.0,2.211666372680184
ESC-50,L2Distance,True,50,None,True,False,100.0,2.0,0.0,0.0
ESC-50,L2Distance,True,50,BothSides,True,False,100.0,52.89684210526315,0.0,2.2765444971810735
ESC-50,L2Distance,True,500,None,True,False,100.0,2.0,0.0,0.0
ESC-50,L2Distance,True,500,BothSides,True,False,100.0,43.12894736842104,0.0,2.175045769569687
ESC-50,L2Distance,True,40,None,True,False,100.0,2.0,0.0,0.0
ESC-50,L2Distance,True,40,BothSides,True,False,100.0,53.56578947368422,0.0,2.3398081579622034
ESC-50,L2Distance,True,30,None,True,False,100.0,2.0,0.0,0.0
ESC-50,L2Distance,True,30,BothSides,True,False,100.0,54.00526315789473,0.0,2.4256421030705178
ESC-50,L2Distance,True,20,None,True,False,100.0,2.0,0.0,0.0
ESC-50,L2Distance,True,20,BothSides,True,False,100.0,53.984210526315785,0.0,2.304019130807002
ESC-50,L2Distance,True,200,None,True,False,100.0,2.0,0.0,0.0
ESC-50,L2Distance,True,200,BothSides,True,False,100.0,49.324736842105274,0.0,2.127618868562106
ESC-50,L2Distance,True,10,None,True,False,100.0,2.0,0.0,0.0
ESC-50,L2Distance,True,10,BothSides,True,False,100.0,50.83894736842106,0.0,2.206070948648505
ESC-50,L2Distance,True,100,None,True,False,100.0,2.0,0.0,0.0
ESC-50,L2Distance,True,100,BothSides,True,False,100.0,51.264736842105265,0.0,2.292761764705459
ESC-50,L2Distance,True,1000,None,True,False,100.0,2.0,0.0,0.0
ESC-50,L2Distance,True,1000,BothSides,True,False,100.0,26.982105263157894,0.0,2.5657904993250313
ESC-50,L2Distance,False,5,None,True,False,100.0,2.0,0.0,0.0
ESC-50,L2Distance,False,5,BothSides,True,False,100.0,34.2421052631579,0.0,2.255433574596752
ESC-50,L2Distance,False,50,None,True,False,100.0,2.0,0.0,0.0
ESC-50,L2Distance,False,50,BothSides,True,False,100.0,52.74210526315789,0.0,2.2233026767050337
ESC-50,L2Distance,False,500,None,True,False,100.0,2.0,0.0,0.0
ESC-50,L2Distance,False,500,BothSides,True,False,100.0,43.22105263157895,0.0,2.1725943489262205
ESC-50,L2Distance,False,40,None,True,False,100.0,2.0,0.0,0.0
ESC-50,L2Distance,False,40,BothSides,True,False,100.0,53.620526315789476,0.0,2.2365423328540417
ESC-50,L2Distance,False,30,None,True,False,100.0,2.0,0.0,0.0
ESC-50,L2Distance,False,30,BothSides,True,False,100.0,54.22105263157894,0.0,2.359210159391758
ESC-50,L2Distance,False,20,None,True,False,100.0,2.0,0.0,0.0
ESC-50,L2Distance,False,20,BothSides,True,False,100.0,53.84736842105262,0.0,2.2974332299293003
ESC-50,L2Distance,False,200,None,True,False,100.0,2.0,0.0,0.0
ESC-50,L2Distance,False,200,BothSides,True,False,100.0,49.42631578947368,0.0,2.122384327933341
ESC-50,L2Distance,False,10,None,True,False,100.0,2.0,0.0,0.0
ESC-50,L2Distance,False,10,BothSides,True,False,100.0,50.60421052631578,0.0,2.169793638144642
ESC-50,L2Distance,False,100,None,True,False,100.0,2.0,0.0,0.0
ESC-50,L2Distance,False,100,BothSides,True,False,100.0,50.92736842105263,0.0,2.2879036358840397
ESC-50,L2Distance,False,1000,None,True,False,100.0,2.0,0.0,0.0
ESC-50,L2Distance,False,1000,BothSides,True,False,100.0,27.102105263157892,0.0,2.4722484074958264
ESC-50,Covariance,True,5,None,True,False,100.0,2.0,0.0,0.0
ESC-50,Covariance,True,5,None,False,False,100.0,47.614210526315794,0.0,1.9798997568289693
ESC-50,Covariance,True,5,BothSides,True,False,100.0,20.53210526315789,0.0,1.8081516710093655
ESC-50,Covariance,True,5,BothSides,False,False,100.0,52.41105263157895,0.0,1.9617067445978131
ESC-50,Covariance,True,50,None,True,False,100.0,2.0,0.0,0.0
ESC-50,Covariance,True,50,None,False,False,100.0,2.0,0.0,0.0
ESC-50,Covariance,True,50,BothSides,True,False,100.0,47.88947368421052,0.0,2.742559816855499
ESC-50,Covariance,True,50,BothSides,False,False,100.0,47.36052631578948,0.0,2.38689142872498
ESC-50,Covariance,True,500,None,True,False,100.0,2.0,0.0,0.0
ESC-50,Covariance,True,500,None,False,False,100.0,2.0,0.0,0.0
ESC-50,Covariance,True,500,BothSides,True,False,100.0,33.84210526315789,0.0,3.4284212142268435
ESC-50,Covariance,True,500,BothSides,False,False,100.0,35.024210526315784,0.0,3.3098980242218836
ESC-50,Covariance,True,40,None,True,False,100.0,2.0,0.0,0.0
ESC-50,Covariance,True,40,None,False,False,100.0,2.0,0.0,0.0
ESC-50,Covariance,True,40,BothSides,True,False,100.0,48.17842105263158,0.0,2.8448806624144183
ESC-50,Covariance,True,40,BothSides,False,False,100.0,48.5978947368421,0.0,2.3009274295403315
ESC-50,Covariance,True,30,None,True,False,100.0,2.0,0.0,0.0
ESC-50,Covariance,True,30,None,False,False,100.0,2.963157894736842,0.0,4.703723402839022
ESC-50,Covariance,True,30,BothSides,True,False,100.0,48.185789473684196,0.0,2.9895612941202483
ESC-50,Covariance,True,30,BothSides,False,False,100.0,49.86526315789473,0.0,2.219946344588802
ESC-50,Covariance,True,20,None,True,False,100.0,2.0,0.0,0.0
ESC-50,Covariance,True,20,None,False,False,100.0,47.43999999999999,0.0,2.1671498573368493
ESC-50,Covariance,True,20,BothSides,True,False,100.0,46.752105263157894,0.0,2.961921729622505
ESC-50,Covariance,True,20,BothSides,False,False,100.0,51.502631578947366,0.0,2.1163834594346125
ESC-50,Covariance,True,200,None,True,False,100.0,2.0,0.0,0.0
ESC-50,Covariance,True,200,None,False,False,100.0,2.0,0.0,0.0
ESC-50,Covariance,True,200,BothSides,True,False,100.0,40.02473684210526,0.0,2.932712197100993
ESC-50,Covariance,True,200,BothSides,False,False,100.0,39.29,0.0,3.1158738875478407
ESC-50,Covariance,True,10,None,True,False,100.0,2.0,0.0,0.0
ESC-50,Covariance,True,10,None,False,False,100.0,49.58210526315791,0.0,1.9187776002508403
ESC-50,Covariance,True,10,BothSides,True,False,100.0,38.55157894736842,0.0,2.2741773344390834
ESC-50,Covariance,True,10,BothSides,False,False,100.0,53.24157894736842,0.0,1.972316649016815
ESC-50,Covariance,True,100,None,True,False,100.0,2.0,0.0,0.0
ESC-50,Covariance,True,100,None,False,False,100.0,2.0,0.0,0.0
ESC-50,Covariance,True,100,BothSides,True,False,100.0,44.40315789473684,0.0,2.6561403277016846
ESC-50,Covariance,True,100,BothSides,False,False,100.0,43.238421052631594,0.0,2.818669997359858
ESC-50,Covariance,True,1000,None,True,False,100.0,2.0,0.0,0.0
ESC-50,Covariance,True,1000,None,False,False,100.0,2.0,0.0,0.0
ESC-50,Covariance,True,1000,BothSides,True,False,100.0,29.741052631578945,0.0,3.4131705149302043
ESC-50,Covariance,True,1000,BothSides,False,False,100.0,32.61105263157895,0.0,3.4110371206170047
ESC-50,Covariance,True,0,None,False,False,100.0,2.0,0.0,0.0
ESC-50,Covariance,True,0,BothSides,False,False,100.0,2.0,0.0,0.0
ESC-50,Covariance,False,5,None,True,False,100.0,2.0,0.0,0.0
ESC-50,Covariance,False,5,None,False,False,100.0,2.0,0.0,0.0
ESC-50,Covariance,False,5,BothSides,True,False,100.0,18.02052631578947,0.0,1.589053534571467
ESC-50,Covariance,False,5,BothSides,False,False,100.0,51.85631578947368,0.0,2.0162889995335207
ESC-50,Covariance,False,50,None,True,False,100.0,2.0,0.0,0.0
ESC-50,Covariance,False,50,None,False,False,100.0,2.0,0.0,0.0
ESC-50,Covariance,False,50,BothSides,True,False,100.0,50.39368421052632,0.0,2.554009177917422
ESC-50,Covariance,False,50,BothSides,False,False,100.0,46.68526315789473,0.0,2.704484630962723
ESC-50,Covariance,False,500,None,True,False,100.0,2.0,0.0,0.0
ESC-50,Covariance,False,500,None,False,False,100.0,2.0,0.0,0.0
ESC-50,Covariance,False,500,BothSides,True,False,100.0,35.16736842105263,0.0,3.6392472814612735
ESC-50,Covariance,False,500,BothSides,False,False,100.0,31.462105263157895,0.0,3.9191452796485726
ESC-50,Covariance,False,40,None,True,False,100.0,2.0,0.0,0.0
ESC-50,Covariance,False,40,None,False,False,100.0,2.0,0.0,0.0
ESC-50,Covariance,False,40,BothSides,True,False,100.0,50.27842105263157,0.0,2.6196074540465784
ESC-50,Covariance,False,40,BothSides,False,False,100.0,48.01631578947368,0.0,2.4462724767431188
ESC-50,Covariance,False,30,None,True,False,100.0,2.0,0.0,0.0
ESC-50,Covariance,False,30,None,False,False,100.0,2.0,0.0,0.0
ESC-50,Covariance,False,30,BothSides,True,False,100.0,49.75578947368422,0.0,2.6823679950636574
ESC-50,Covariance,False,30,BothSides,False,False,100.0,49.45684210526315,0.0,2.393271732271021
ESC-50,Covariance,False,20,None,True,False,100.0,2.0,0.0,0.0
ESC-50,Covariance,False,20,None,False,False,100.0,2.0,0.0,0.0
ESC-50,Covariance,False,20,BothSides,True,False,100.0,47.451578947368425,0.0,2.8566700875179243
ESC-50,Covariance,False,20,BothSides,False,False,100.0,50.71947368421053,0.0,2.2356226397264845
ESC-50,Covariance,False,200,None,True,False,100.0,2.0,0.0,0.0
ESC-50,Covariance,False,200,None,False,False,100.0,2.0,0.0,0.0
ESC-50,Covariance,False,200,BothSides,True,False,100.0,42.85684210526315,0.0,2.8604677764794015
ESC-50,Covariance,False,200,BothSides,False,False,100.0,37.35526315789474,0.0,3.581418458061715
ESC-50,Covariance,False,10,None,True,False,100.0,2.0,0.0,0.0
ESC-50,Covariance,False,10,None,False,False,100.0,2.0,0.0,0.0
ESC-50,Covariance,False,10,BothSides,True,False,100.0,37.18052631578947,0.0,2.2305143314548515
ESC-50,Covariance,False,10,BothSides,False,False,100.0,52.19894736842104,0.0,1.9723234607424345
ESC-50,Covariance,False,100,None,True,False,100.0,2.0,0.0,0.0
ESC-50,Covariance,False,100,None,False,False,100.0,2.0,0.0,0.0
ESC-50,Covariance,False,100,BothSides,True,False,100.0,46.99421052631579,0.0,2.519968946297693
ESC-50,Covariance,False,100,BothSides,False,False,100.0,42.28,0.0,3.0471082517792083
ESC-50,Covariance,False,1000,None,True,False,100.0,2.0,0.0,0.0
ESC-50,Covariance,False,1000,None,False,False,100.0,2.0,0.0,0.0
ESC-50,Covariance,False,1000,BothSides,True,False,100.0,29.305789473684214,0.0,3.9666594931536587
ESC-50,Covariance,False,1000,BothSides,False,False,100.0,27.88684210526316,0.0,4.1346343043883484
ESC-50,Covariance,False,0,None,False,False,100.0,2.0,0.0,0.0
ESC-50,Covariance,False,0,BothSides,False,False,100.0,2.0,0.0,0.0
ESC-50,Cosine,True,5,None,True,False,100.0,2.0,0.0,0.0
ESC-50,Cosine,True,5,None,False,False,100.0,2.0,0.0,0.0
ESC-50,Cosine,True,5,BothSides,True,False,100.0,42.57000000000001,0.0,2.2980065430764465
ESC-50,Cosine,True,5,BothSides,False,False,100.0,58.80263157894737,0.0,1.908943450433488
ESC-50,Cosine,True,50,None,True,False,100.0,2.0,0.0,0.0
ESC-50,Cosine,True,50,None,False,False,100.0,2.0,0.0,0.0
ESC-50,Cosine,True,50,BothSides,True,False,100.0,52.96684210526316,0.0,2.1528780582090574
ESC-50,Cosine,True,50,BothSides,False,False,100.0,51.155263157894744,0.0,1.930745195076307
ESC-50,Cosine,True,500,None,True,False,100.0,2.0,0.0,0.0
ESC-50,Cosine,True,500,None,False,False,100.0,2.0,0.0,0.0
ESC-50,Cosine,True,500,BothSides,True,False,100.0,36.376315789473686,0.0,2.372118458968586
ESC-50,Cosine,True,500,BothSides,False,False,100.0,5.3089473684210535,0.0,2.2517909769510394
ESC-50,Cosine,True,40,None,True,False,100.0,2.0,0.0,0.0
ESC-50,Cosine,True,40,None,False,False,100.0,2.0,0.0,0.0
ESC-50,Cosine,True,40,BothSides,True,False,100.0,54.40210526315789,0.0,2.1000266453922296
ESC-50,Cosine,True,40,BothSides,False,False,100.0,52.63894736842106,0.0,1.9816753314086473
ESC-50,Cosine,True,30,None,True,False,100.0,2.0,0.0,0.0
ESC-50,Cosine,True,30,None,False,False,100.0,2.0,0.0,0.0
ESC-50,Cosine,True,30,BothSides,True,False,100.0,55.953684210526305,0.0,2.171858287516162
ESC-50,Cosine,True,30,BothSides,False,False,100.0,54.377368421052616,0.0,1.8607634777750792
ESC-50,Cosine,True,20,None,True,False,100.0,2.0,0.0,0.0
ESC-50,Cosine,True,20,None,False,False,100.0,2.0,0.0,0.0
ESC-50,Cosine,True,20,BothSides,True,False,100.0,57.208421052631586,0.0,2.2044266721550505
ESC-50,Cosine,True,20,BothSides,False,False,100.0,55.99210526315789,0.0,1.7980040488154605
ESC-50,Cosine,True,200,None,True,False,100.0,2.0,0.0,0.0
ESC-50,Cosine,True,200,None,False,False,100.0,2.0,0.0,0.0
ESC-50,Cosine,True,200,BothSides,True,False,100.0,43.77684210526315,0.0,2.19252216923886
ESC-50,Cosine,True,200,BothSides,False,False,100.0,36.01684210526315,0.0,2.8603302600706617
ESC-50,Cosine,True,10,None,True,False,100.0,2.0,0.0,0.0
ESC-50,Cosine,True,10,None,False,False,100.0,2.0,0.0,0.0
ESC-50,Cosine,True,10,BothSides,True,False,100.0,55.426842105263155,0.0,2.2239180194739023
ESC-50,Cosine,True,10,BothSides,False,False,100.0,57.91000000000001,0.0,1.8977358575527719
ESC-50,Cosine,True,100,None,True,False,100.0,2.0,0.0,0.0
ESC-50,Cosine,True,100,None,False,False,100.0,2.0,0.0,0.0
ESC-50,Cosine,True,100,BothSides,True,False,100.0,48.70421052631579,0.0,2.1851396882267524
ESC-50,Cosine,True,100,BothSides,False,False,100.0,45.5357894736842,0.0,2.0947683150240763
ESC-50,Cosine,True,1000,None,True,False,100.0,2.0,0.0,0.0
ESC-50,Cosine,True,1000,None,False,False,100.0,2.0,0.0,0.0
ESC-50,Cosine,True,1000,BothSides,True,False,100.0,16.312631578947368,0.0,2.35111596064248
ESC-50,Cosine,True,1000,BothSides,False,False,100.0,2.7647368421052634,0.0,0.9489885269995264
ESC-50,Cosine,True,0,None,False,False,100.0,2.0,0.0,0.0
ESC-50,Cosine,True,0,BothSides,False,False,100.0,3.336842105263157,0.0,1.1993996651603267
ESC-50,Cosine,False,5,None,True,False,100.0,2.0,0.0,0.0
ESC-50,Cosine,False,5,None,False,False,100.0,2.0,0.0,0.0
ESC-50,Cosine,False,5,BothSides,True,False,100.0,41.97526315789473,0.0,2.494564228982845
ESC-50,Cosine,False,5,BothSides,False,False,100.0,59.046842105263174,0.0,1.808794995343601
ESC-50,Cosine,False,50,None,True,False,100.0,2.0,0.0,0.0
ESC-50,Cosine,False,50,None,False,False,100.0,2.0,0.0,0.0
ESC-50,Cosine,False,50,BothSides,True,False,100.0,53.09157894736842,0.0,2.1710334289421906
ESC-50,Cosine,False,50,BothSides,False,False,100.0,51.17157894736842,0.0,2.024785751806897
ESC-50,Cosine,False,500,None,True,False,100.0,2.0,0.0,0.0
ESC-50,Cosine,False,500,None,False,False,100.0,2.0,0.0,0.0
ESC-50,Cosine,False,500,BothSides,True,False,100.0,36.08157894736842,0.0,2.4206793190447526
ESC-50,Cosine,False,500,BothSides,False,False,100.0,5.685789473684209,0.0,2.396829103355623
ESC-50,Cosine,False,40,None,True,False,100.0,2.0,0.0,0.0
ESC-50,Cosine,False,40,None,False,False,100.0,2.0,0.0,0.0
ESC-50,Cosine,False,40,BothSides,True,False,100.0,54.544210526315794,0.0,2.1212579239817586
ESC-50,Cosine,False,40,BothSides,False,False,100.0,52.712631578947374,0.0,2.0118268045268555
ESC-50,Cosine,False,30,None,True,False,100.0,2.0,0.0,0.0
ESC-50,Cosine,False,30,None,False,False,100.0,2.0,0.0,0.0
ESC-50,Cosine,False,30,BothSides,True,False,100.0,56.19894736842104,0.0,2.217490033768247
ESC-50,Cosine,False,30,BothSides,False,False,100.0,54.403684210526315,0.0,1.8036905072609828
ESC-50,Cosine,False,20,None,True,False,100.0,2.0,0.0,0.0
ESC-50,Cosine,False,20,None,False,False,100.0,2.0,0.0,0.0
ESC-50,Cosine,False,20,BothSides,True,False,100.0,57.44210526315789,0.0,2.2326462194611674
ESC-50,Cosine,False,20,BothSides,False,False,100.0,56.27421052631579,0.0,1.6921735273125509
ESC-50,Cosine,False,200,None,True,False,100.0,2.0,0.0,0.0
ESC-50,Cosine,False,200,None,False,False,100.0,2.0,0.0,0.0
ESC-50,Cosine,False,200,BothSides,True,False,100.0,43.80947368421052,0.0,2.130269643369732
ESC-50,Cosine,False,200,BothSides,False,False,100.0,36.23578947368421,0.0,2.888917404030966
ESC-50,Cosine,False,10,None,True,False,100.0,2.0,0.0,0.0
ESC-50,Cosine,False,10,None,False,False,100.0,2.0,0.0,0.0
ESC-50,Cosine,False,10,BothSides,True,False,100.0,55.14421052631579,0.0,2.173354377932316
ESC-50,Cosine,False,10,BothSides,False,False,100.0,58.065789473684205,0.0,1.8489702906574987
ESC-50,Cosine,False,100,None,True,False,100.0,2.0,0.0,0.0
ESC-50,Cosine,False,100,None,False,False,100.0,2.0,0.0,0.0
ESC-50,Cosine,False,100,BothSides,True,False,100.0,48.62526315789472,0.0,2.1740636854948057
ESC-50,Cosine,False,100,BothSides,False,False,100.0,45.57105263157896,0.0,2.1659845151033723
ESC-50,Cosine,False,1000,None,True,False,100.0,2.0,0.0,0.0
ESC-50,Cosine,False,1000,None,False,False,100.0,2.0,0.0,0.0
ESC-50,Cosine,False,1000,BothSides,True,False,100.0,16.718421052631573,0.0,2.2963583720432634
ESC-50,Cosine,False,1000,BothSides,False,False,100.0,2.8115789473684214,0.0,0.9830750556783305
ESC-50,Cosine,False,0,None,False,False,100.0,2.0,0.0,0.0
ESC-50,Cosine,False,0,BothSides,False,False,100.0,3.496842105263158,0.0,1.321489128977435
